request_id,run_id,run_name,workload_label,repetition,concurrency,prompt_index,prompt,engine,model,stream,started_at,ended_at,latency_ms,ttft_ms,completion_time_ms,output_tokens,output_tokens_estimated,tokens_per_sec,success,status_code,error_type,error_message
d231a7c2-bb06-43d0-a19f-6dd12cacbf9a,20260316_174216,exp-vllm-public-concurrency32-stream-false,quickstart,1,1,0,Trade-off between throughput and latency in one sentence.,vllm,Qwen/Qwen2-0.5B-Instruct,False,2026-03-16T17:42:16.626547Z,2026-03-16T17:42:17.808742Z,1182.197105999876,,1182.197105999876,31,False,26.222361603381604,True,200,,
03bd38aa-5a5e-4788-8aca-8842170b4713,20260316_174216,exp-vllm-public-concurrency32-stream-false,quickstart,1,1,1,How would you reduce slow requests in a model API?,vllm,Qwen/Qwen2-0.5B-Instruct,False,2026-03-16T17:42:17.809138Z,2026-03-16T17:42:21.190921Z,3381.7843990000256,,3381.7843990000256,96,False,28.387380351150313,True,200,,
89244f34-86ff-4759-89c7-ac40a2f6e220,20260316_174216,exp-vllm-public-concurrency32-stream-false,quickstart,1,1,2,Why run the same test at different concurrency levels?,vllm,Qwen/Qwen2-0.5B-Instruct,False,2026-03-16T17:42:21.191217Z,2026-03-16T17:42:24.489115Z,3297.9006850000587,,3297.9006850000587,96,False,29.109427229461367,True,200,,
983d61e3-b005-4ce1-98cc-af3a7d4056c0,20260316_174216,exp-vllm-public-concurrency32-stream-false,quickstart,1,1,3,List four reasons response time matters for chat apps.,vllm,Qwen/Qwen2-0.5B-Instruct,False,2026-03-16T17:42:24.489380Z,2026-03-16T17:42:27.764694Z,3275.3167289993144,,3275.3167289993144,96,False,29.31014248180213,True,200,,
5a5a9e9f-bf3d-4626-96ce-e5aa55a20d1f,20260316_174216,exp-vllm-public-concurrency32-stream-false,quickstart,1,1,4,What should a benchmark report include to be reproducible?,vllm,Qwen/Qwen2-0.5B-Instruct,False,2026-03-16T17:42:27.765007Z,2026-03-16T17:42:31.016619Z,3251.6146380003192,,3251.6146380003192,96,False,29.523793772511173,True,200,,
b6204105-49a4-4d1a-81bf-c1665eeeb29f,20260316_174216,exp-vllm-public-concurrency32-stream-false,quickstart,1,1,5,"Draft a one-line status update: API had 5xx errors for 2 minutes, now fixed.",vllm,Qwen/Qwen2-0.5B-Instruct,False,2026-03-16T17:42:31.016914Z,2026-03-16T17:42:31.620846Z,603.9351029994577,,603.9351029994577,17,False,28.148719813716912,True,200,,
dfff24ef-715b-4419-be83-49efc0818060,20260316_174216,exp-vllm-public-concurrency32-stream-false,quickstart,1,1,6,Trade-off between throughput and latency in one sentence.,vllm,Qwen/Qwen2-0.5B-Instruct,False,2026-03-16T17:42:31.621138Z,2026-03-16T17:42:32.438354Z,817.2182110010908,,817.2182110010908,24,False,29.36792117077279,True,200,,
715e9df1-9341-47ec-8aaf-777ec1c340ea,20260316_174216,exp-vllm-public-concurrency32-stream-false,quickstart,1,1,7,How would you reduce slow requests in a model API?,vllm,Qwen/Qwen2-0.5B-Instruct,False,2026-03-16T17:42:32.438600Z,2026-03-16T17:42:35.713990Z,3275.3921509993233,,3275.3921509993233,96,False,29.309467561223276,True,200,,
28ee6e2e-9b1a-40d0-ad1b-ad9dd3ee51ca,20260316_174216,exp-vllm-public-concurrency32-stream-false,quickstart,1,1,8,Why run the same test at different concurrency levels?,vllm,Qwen/Qwen2-0.5B-Instruct,False,2026-03-16T17:42:35.714304Z,2026-03-16T17:42:38.960897Z,3246.5958520006097,,3246.5958520006097,96,False,29.56943345468858,True,200,,
74d7c912-3498-40ef-9708-0fc131fba42b,20260316_174216,exp-vllm-public-concurrency32-stream-false,quickstart,1,1,9,List four reasons response time matters for chat apps.,vllm,Qwen/Qwen2-0.5B-Instruct,False,2026-03-16T17:42:38.961189Z,2026-03-16T17:42:42.241407Z,3280.22238199992,,3280.22238199992,96,False,29.26630844506028,True,200,,
c33bcd86-22af-411b-a445-5a6cfd9ef09e,20260316_174216,exp-vllm-public-concurrency32-stream-false,quickstart,1,1,10,What should a benchmark report include to be reproducible?,vllm,Qwen/Qwen2-0.5B-Instruct,False,2026-03-16T17:42:42.242072Z,2026-03-16T17:42:45.511472Z,3269.403168000281,,3269.403168000281,96,False,29.363157453205158,True,200,,
b3989bfd-653b-40a9-9c7a-33afd271ba87,20260316_174216,exp-vllm-public-concurrency32-stream-false,quickstart,1,1,11,"Draft a one-line status update: API had 5xx errors for 2 minutes, now fixed.",vllm,Qwen/Qwen2-0.5B-Instruct,False,2026-03-16T17:42:45.511802Z,2026-03-16T17:42:46.083685Z,571.8864629998279,,571.8864629998279,17,False,29.72618010719571,True,200,,
39f1c6e3-c69e-4ba5-9390-450b7c5d10a7,20260316_174216,exp-vllm-public-concurrency32-stream-false,quickstart,1,1,12,Trade-off between throughput and latency in one sentence.,vllm,Qwen/Qwen2-0.5B-Instruct,False,2026-03-16T17:42:46.084025Z,2026-03-16T17:42:46.886992Z,802.9695670011279,,802.9695670011279,24,False,29.88905306789328,True,200,,
11fb9e81-75f8-43fb-9700-605494dad3bd,20260316_174216,exp-vllm-public-concurrency32-stream-false,quickstart,1,1,13,How would you reduce slow requests in a model API?,vllm,Qwen/Qwen2-0.5B-Instruct,False,2026-03-16T17:42:46.887252Z,2026-03-16T17:42:50.094749Z,3207.4992550005845,,3207.4992550005845,96,False,29.92985886133355,True,200,,
bb7bb4af-4569-4f8b-a89e-4cfedc98f170,20260316_174216,exp-vllm-public-concurrency32-stream-false,quickstart,1,1,14,Why run the same test at different concurrency levels?,vllm,Qwen/Qwen2-0.5B-Instruct,False,2026-03-16T17:42:50.095023Z,2026-03-16T17:42:53.433196Z,3338.1752140012395,,3338.1752140012395,96,False,28.75822682924167,True,200,,
dd857661-b36d-4c75-afb7-d9578701ce5c,20260316_174216,exp-vllm-public-concurrency32-stream-false,quickstart,1,1,15,List four reasons response time matters for chat apps.,vllm,Qwen/Qwen2-0.5B-Instruct,False,2026-03-16T17:42:53.433499Z,2026-03-16T17:42:56.692888Z,3259.391665000294,,3259.391665000294,96,False,29.453348927304,True,200,,
2dce59a5-8009-4e8f-b95c-c695f44e1bbb,20260316_174216,exp-vllm-public-concurrency32-stream-false,quickstart,1,1,16,What should a benchmark report include to be reproducible?,vllm,Qwen/Qwen2-0.5B-Instruct,False,2026-03-16T17:42:56.693741Z,2026-03-16T17:42:59.894462Z,3200.722280998889,,3200.722280998889,96,False,29.993230143678726,True,200,,
be9feca6-f46c-41d6-9370-2c95e703082d,20260316_174216,exp-vllm-public-concurrency32-stream-false,quickstart,1,1,17,"Draft a one-line status update: API had 5xx errors for 2 minutes, now fixed.",vllm,Qwen/Qwen2-0.5B-Instruct,False,2026-03-16T17:42:59.894849Z,2026-03-16T17:43:00.478564Z,583.717211999101,,583.717211999101,17,False,29.12369149057435,True,200,,
df1401dd-c35f-4aeb-a81e-7bdede6d291a,20260316_174216,exp-vllm-public-concurrency32-stream-false,quickstart,1,1,18,Trade-off between throughput and latency in one sentence.,vllm,Qwen/Qwen2-0.5B-Instruct,False,2026-03-16T17:43:00.478843Z,2026-03-16T17:43:01.517818Z,1038.9770239999052,,1038.9770239999052,31,False,29.83704093922565,True,200,,
175029f7-f4cf-4820-820c-29ae8d49d1a6,20260316_174216,exp-vllm-public-concurrency32-stream-false,quickstart,1,1,19,How would you reduce slow requests in a model API?,vllm,Qwen/Qwen2-0.5B-Instruct,False,2026-03-16T17:43:01.518160Z,2026-03-16T17:43:04.731109Z,3212.951682999119,,3212.951682999119,96,False,29.879067434462357,True,200,,
c4bcfee3-563a-4249-9629-949777aef1e4,20260316_174216,exp-vllm-public-concurrency32-stream-false,quickstart,1,1,20,Why run the same test at different concurrency levels?,vllm,Qwen/Qwen2-0.5B-Instruct,False,2026-03-16T17:43:04.731396Z,2026-03-16T17:43:07.903327Z,3171.9336650003243,,3171.9336650003243,96,False,30.26545008153258,True,200,,
487af556-20ce-4e2d-ad2f-3defe7395806,20260316_174216,exp-vllm-public-concurrency32-stream-false,quickstart,1,1,21,List four reasons response time matters for chat apps.,vllm,Qwen/Qwen2-0.5B-Instruct,False,2026-03-16T17:43:07.903593Z,2026-03-16T17:43:11.204854Z,3301.2638189993595,,3301.2638189993595,96,False,29.079772251918477,True,200,,
21e73f24-b572-4bd7-a379-d3ee6ae77b9d,20260316_174216,exp-vllm-public-concurrency32-stream-false,quickstart,1,1,22,What should a benchmark report include to be reproducible?,vllm,Qwen/Qwen2-0.5B-Instruct,False,2026-03-16T17:43:11.205147Z,2026-03-16T17:43:14.713047Z,3507.90216599853,,3507.90216599853,96,False,27.366783751984556,True,200,,
72b7f2ac-b052-4dd2-98fb-4bc08708a189,20260316_174216,exp-vllm-public-concurrency32-stream-false,quickstart,1,1,23,"Draft a one-line status update: API had 5xx errors for 2 minutes, now fixed.",vllm,Qwen/Qwen2-0.5B-Instruct,False,2026-03-16T17:43:14.713331Z,2026-03-16T17:43:15.338260Z,624.9311349984055,,624.9311349984055,17,False,27.202997335127776,True,200,,
0567bf8f-8de9-4d9c-b9b6-ab86152db0cd,20260316_174216,exp-vllm-public-concurrency32-stream-false,quickstart,1,1,24,Trade-off between throughput and latency in one sentence.,vllm,Qwen/Qwen2-0.5B-Instruct,False,2026-03-16T17:43:15.338500Z,2026-03-16T17:43:16.374244Z,1035.7468530000915,,1035.7468530000915,31,False,29.93009335264402,True,200,,
f97312cd-425e-4851-9067-98fcb4e745f3,20260316_174216,exp-vllm-public-concurrency32-stream-false,quickstart,1,1,25,How would you reduce slow requests in a model API?,vllm,Qwen/Qwen2-0.5B-Instruct,False,2026-03-16T17:43:16.374527Z,2026-03-16T17:43:19.799574Z,3425.0484730000608,,3425.0484730000608,96,False,28.028800397067634,True,200,,
fae2f3f3-694b-46db-b223-b5e2adf0365b,20260316_174216,exp-vllm-public-concurrency32-stream-false,quickstart,1,1,26,Why run the same test at different concurrency levels?,vllm,Qwen/Qwen2-0.5B-Instruct,False,2026-03-16T17:43:19.799830Z,2026-03-16T17:43:23.249767Z,3449.9395950006146,,3449.9395950006146,96,False,27.826574163534854,True,200,,
3ad302db-4976-4265-8bb2-f3b9e5a0f9f4,20260316_174216,exp-vllm-public-concurrency32-stream-false,quickstart,1,1,27,List four reasons response time matters for chat apps.,vllm,Qwen/Qwen2-0.5B-Instruct,False,2026-03-16T17:43:23.250070Z,2026-03-16T17:43:26.560748Z,3310.6799550005235,,3310.6799550005235,96,False,28.99706444139957,True,200,,
6a4625a2-6ab4-4b30-abcc-80eda2a062a3,20260316_174216,exp-vllm-public-concurrency32-stream-false,quickstart,1,1,28,What should a benchmark report include to be reproducible?,vllm,Qwen/Qwen2-0.5B-Instruct,False,2026-03-16T17:43:26.561043Z,2026-03-16T17:43:29.751838Z,3190.7977939990815,,3190.7977939990815,96,False,30.086519484420716,True,200,,
96cd144e-53a6-477e-a043-e02942ae0f9d,20260316_174216,exp-vllm-public-concurrency32-stream-false,quickstart,1,1,29,"Draft a one-line status update: API had 5xx errors for 2 minutes, now fixed.",vllm,Qwen/Qwen2-0.5B-Instruct,False,2026-03-16T17:43:29.752141Z,2026-03-16T17:43:30.342955Z,590.8157480007503,,590.8157480007503,17,False,28.773776016509313,True,200,,
bb05ef51-a66e-4254-85ad-8fbb71f29ba4,20260316_174216,exp-vllm-public-concurrency32-stream-false,quickstart,1,1,30,Trade-off between throughput and latency in one sentence.,vllm,Qwen/Qwen2-0.5B-Instruct,False,2026-03-16T17:43:30.343233Z,2026-03-16T17:43:31.381781Z,1038.5497949991986,,1038.5497949991986,31,False,29.849315024922728,True,200,,
43bcd300-bdfb-431e-b916-950e9e8b1b3b,20260316_174216,exp-vllm-public-concurrency32-stream-false,quickstart,1,1,31,How would you reduce slow requests in a model API?,vllm,Qwen/Qwen2-0.5B-Instruct,False,2026-03-16T17:43:31.382062Z,2026-03-16T17:43:34.570402Z,3188.342114999614,,3188.342114999614,96,False,30.109692290662988,True,200,,
37803844-b84d-4586-a945-ac10212e8729,20260316_174216,exp-vllm-public-concurrency32-stream-false,quickstart,1,1,32,Why run the same test at different concurrency levels?,vllm,Qwen/Qwen2-0.5B-Instruct,False,2026-03-16T17:43:34.570680Z,2026-03-16T17:43:37.756949Z,3186.271589000171,,3186.271589000171,96,False,30.129258388210438,True,200,,
85a50d0b-3fae-426f-a9ba-bd39077a8f53,20260316_174216,exp-vllm-public-concurrency32-stream-false,quickstart,1,1,33,List four reasons response time matters for chat apps.,vllm,Qwen/Qwen2-0.5B-Instruct,False,2026-03-16T17:43:37.757225Z,2026-03-16T17:43:40.958112Z,3200.888705001489,,3200.888705001489,96,False,29.99167070382578,True,200,,
e00d04aa-ec7a-4502-b839-0ddb4911f278,20260316_174216,exp-vllm-public-concurrency32-stream-false,quickstart,1,1,34,What should a benchmark report include to be reproducible?,vllm,Qwen/Qwen2-0.5B-Instruct,False,2026-03-16T17:43:40.958414Z,2026-03-16T17:43:44.159328Z,3200.917775999187,,3200.917775999187,96,False,29.991398317013306,True,200,,
0381efd1-6383-451c-bda7-f94bef60ab04,20260316_174216,exp-vllm-public-concurrency32-stream-false,quickstart,1,1,35,"Draft a one-line status update: API had 5xx errors for 2 minutes, now fixed.",vllm,Qwen/Qwen2-0.5B-Instruct,False,2026-03-16T17:43:44.160045Z,2026-03-16T17:43:44.741262Z,581.2181350011087,,581.2181350011087,17,False,29.24891529746843,True,200,,
2736553f-0ec5-44ef-a811-e76e8259d671,20260316_174216,exp-vllm-public-concurrency32-stream-false,quickstart,1,1,36,Trade-off between throughput and latency in one sentence.,vllm,Qwen/Qwen2-0.5B-Instruct,False,2026-03-16T17:43:44.741519Z,2026-03-16T17:43:45.552299Z,810.7814590002818,,810.7814590002818,24,False,29.601071575554688,True,200,,
32e86d47-438f-49e5-801d-9f022a7bbc1a,20260316_174216,exp-vllm-public-concurrency32-stream-false,quickstart,1,1,37,How would you reduce slow requests in a model API?,vllm,Qwen/Qwen2-0.5B-Instruct,False,2026-03-16T17:43:45.552546Z,2026-03-16T17:43:48.864824Z,3312.2802460002276,,3312.2802460002276,96,False,28.98305483538889,True,200,,
daea96f0-44b6-4fb4-8bba-b32689dbf500,20260316_174216,exp-vllm-public-concurrency32-stream-false,quickstart,1,1,38,Why run the same test at different concurrency levels?,vllm,Qwen/Qwen2-0.5B-Instruct,False,2026-03-16T17:43:48.865140Z,2026-03-16T17:43:52.062264Z,3197.1259509991796,,3197.1259509991796,96,False,30.02696843081758,True,200,,
7e314cbe-d353-478d-b7d9-274a817cf3d9,20260316_174216,exp-vllm-public-concurrency32-stream-false,quickstart,1,1,39,List four reasons response time matters for chat apps.,vllm,Qwen/Qwen2-0.5B-Instruct,False,2026-03-16T17:43:52.062545Z,2026-03-16T17:43:55.298383Z,3235.8403079997515,,3235.8403079997515,96,False,29.667718695099268,True,200,,
10449b42-a710-4e0a-8754-bc542847fd09,20260316_174216,exp-vllm-public-concurrency32-stream-false,quickstart,1,1,40,What should a benchmark report include to be reproducible?,vllm,Qwen/Qwen2-0.5B-Instruct,False,2026-03-16T17:43:55.298686Z,2026-03-16T17:43:58.552935Z,3254.2513230000623,,3254.2513230000623,96,False,29.499872773040327,True,200,,
f730e58d-d50f-4875-8fcf-99da12af3026,20260316_174216,exp-vllm-public-concurrency32-stream-false,quickstart,1,1,41,"Draft a one-line status update: API had 5xx errors for 2 minutes, now fixed.",vllm,Qwen/Qwen2-0.5B-Instruct,False,2026-03-16T17:43:58.553184Z,2026-03-16T17:43:59.178674Z,625.4925550001644,,625.4925550001644,17,False,27.178580886539137,True,200,,
2c9d78b0-7087-4922-a2be-ef992bf220b4,20260316_174216,exp-vllm-public-concurrency32-stream-false,quickstart,1,1,42,Trade-off between throughput and latency in one sentence.,vllm,Qwen/Qwen2-0.5B-Instruct,False,2026-03-16T17:43:59.178926Z,2026-03-16T17:44:00.009894Z,830.9702619990276,,830.9702619990276,24,False,28.881899987930115,True,200,,
8e6d9650-089f-49c7-8460-34d3edd6d328,20260316_174216,exp-vllm-public-concurrency32-stream-false,quickstart,1,1,43,How would you reduce slow requests in a model API?,vllm,Qwen/Qwen2-0.5B-Instruct,False,2026-03-16T17:44:00.010185Z,2026-03-16T17:44:03.305706Z,3295.5237699989084,,3295.5237699989084,96,False,29.13042256710283,True,200,,
e5ae904a-4780-4b03-9b39-7432ed3b6f94,20260316_174216,exp-vllm-public-concurrency32-stream-false,quickstart,1,1,44,Why run the same test at different concurrency levels?,vllm,Qwen/Qwen2-0.5B-Instruct,False,2026-03-16T17:44:03.305980Z,2026-03-16T17:44:06.692711Z,3386.734231999071,,3386.734231999071,96,False,28.345891181232293,True,200,,
e4fff907-e1b1-49a4-9a9e-24bd44535c04,20260316_174216,exp-vllm-public-concurrency32-stream-false,quickstart,1,1,45,List four reasons response time matters for chat apps.,vllm,Qwen/Qwen2-0.5B-Instruct,False,2026-03-16T17:44:06.693004Z,2026-03-16T17:44:09.984539Z,3291.5369929996814,,3291.5369929996814,96,False,29.16570593135342,True,200,,
35c7c449-1937-4129-843e-bfa070d6e569,20260316_174216,exp-vllm-public-concurrency32-stream-false,quickstart,1,1,46,What should a benchmark report include to be reproducible?,vllm,Qwen/Qwen2-0.5B-Instruct,False,2026-03-16T17:44:09.984800Z,2026-03-16T17:44:13.152053Z,3167.255460999513,,3167.255460999513,96,False,30.310153753655413,True,200,,
49e441f4-be59-4118-ab9d-1c1b71171d0e,20260316_174216,exp-vllm-public-concurrency32-stream-false,quickstart,1,1,47,"Draft a one-line status update: API had 5xx errors for 2 minutes, now fixed.",vllm,Qwen/Qwen2-0.5B-Instruct,False,2026-03-16T17:44:13.152335Z,2026-03-16T17:44:13.734081Z,581.7478940007277,,581.7478940007277,17,False,29.222280261454173,True,200,,
cca4a197-5399-4da3-bf84-93924382efe6,20260316_174216,exp-vllm-public-concurrency32-stream-false,quickstart,1,2,0,Why run the same test at different concurrency levels?,vllm,Qwen/Qwen2-0.5B-Instruct,False,2026-03-16T17:44:13.734783Z,2026-03-16T17:44:17.052157Z,3317.375856999206,,3317.375856999206,96,False,28.938535800052087,True,200,,
8011a0de-318a-44b6-8d9e-708dd02b39a0,20260316_174216,exp-vllm-public-concurrency32-stream-false,quickstart,1,2,1,List four reasons response time matters for chat apps.,vllm,Qwen/Qwen2-0.5B-Instruct,False,2026-03-16T17:44:13.735061Z,2026-03-16T17:44:17.093059Z,3357.9993399998784,,3357.9993399998784,96,False,28.58845112221001,True,200,,
c3a845a0-b2d9-4b33-b3d5-f18d0b8b3f5c,20260316_174216,exp-vllm-public-concurrency32-stream-false,quickstart,1,2,2,How would you reduce slow requests in a model API?,vllm,Qwen/Qwen2-0.5B-Instruct,False,2026-03-16T17:44:17.052414Z,2026-03-16T17:44:20.608428Z,3556.0156980009197,,3556.0156980009197,96,False,26.996506245449982,True,200,,
834300c1-6bb2-463f-9f27-8cc148f98ae0,20260316_174216,exp-vllm-public-concurrency32-stream-false,quickstart,1,2,3,What should a benchmark report include to be reproducible?,vllm,Qwen/Qwen2-0.5B-Instruct,False,2026-03-16T17:44:17.093263Z,2026-03-16T17:44:20.651555Z,3558.2973819982726,,3558.2973819982726,96,False,26.979195298760615,True,200,,
0132b724-ea69-4f52-b260-aa2e443aed5f,20260316_174216,exp-vllm-public-concurrency32-stream-false,quickstart,1,2,4,"Draft a one-line status update: API had 5xx errors for 2 minutes, now fixed.",vllm,Qwen/Qwen2-0.5B-Instruct,False,2026-03-16T17:44:20.608773Z,2026-03-16T17:44:21.321654Z,712.8835709991108,,712.8835709991108,17,False,23.84681130492935,True,200,,
b9802571-ae83-42c0-b566-d930f5dd98a0,20260316_174216,exp-vllm-public-concurrency32-stream-false,quickstart,1,2,5,Trade-off between throughput and latency in one sentence.,vllm,Qwen/Qwen2-0.5B-Instruct,False,2026-03-16T17:44:20.651752Z,2026-03-16T17:44:21.882261Z,1230.5119690008723,,1230.5119690008723,31,False,25.19276592260276,True,200,,
60a54fed-e37e-4b88-af98-cad2335810ed,20260316_174216,exp-vllm-public-concurrency32-stream-false,quickstart,1,2,6,Why run the same test at different concurrency levels?,vllm,Qwen/Qwen2-0.5B-Instruct,False,2026-03-16T17:44:21.321907Z,2026-03-16T17:44:24.920203Z,3598.29964599885,,3598.29964599885,96,False,26.67926783328002,True,200,,
0506df8a-1998-488f-8cf5-433fb9ead829,20260316_174216,exp-vllm-public-concurrency32-stream-false,quickstart,1,2,7,List four reasons response time matters for chat apps.,vllm,Qwen/Qwen2-0.5B-Instruct,False,2026-03-16T17:44:21.882527Z,2026-03-16T17:44:25.496440Z,3613.9155180007947,,3613.9155180007947,96,False,26.563985660934005,True,200,,
9207df81-67b2-47dc-8c45-4770c60e4da3,20260316_174216,exp-vllm-public-concurrency32-stream-false,quickstart,1,2,8,How would you reduce slow requests in a model API?,vllm,Qwen/Qwen2-0.5B-Instruct,False,2026-03-16T17:44:24.920511Z,2026-03-16T17:44:28.520227Z,3599.71889299959,,3599.71889299959,96,False,26.668749103351423,True,200,,
c3905469-d3cd-4e3b-bd3d-2b9c65fcb7d9,20260316_174216,exp-vllm-public-concurrency32-stream-false,quickstart,1,2,9,What should a benchmark report include to be reproducible?,vllm,Qwen/Qwen2-0.5B-Instruct,False,2026-03-16T17:44:25.496725Z,2026-03-16T17:44:29.064581Z,3567.858411999623,,3567.858411999623,96,False,26.906897335703505,True,200,,
3a4419d6-6d29-4113-ac2c-ac0f2acb5319,20260316_174216,exp-vllm-public-concurrency32-stream-false,quickstart,1,2,10,"Draft a one-line status update: API had 5xx errors for 2 minutes, now fixed.",vllm,Qwen/Qwen2-0.5B-Instruct,False,2026-03-16T17:44:28.520516Z,2026-03-16T17:44:29.180920Z,660.4052590009815,,660.4052590009815,17,False,25.741769569970575,True,200,,
a4ce1c53-b3fa-4c0b-aba8-bd3edd24bea0,20260316_174216,exp-vllm-public-concurrency32-stream-false,quickstart,1,2,11,Trade-off between throughput and latency in one sentence.,vllm,Qwen/Qwen2-0.5B-Instruct,False,2026-03-16T17:44:29.064862Z,2026-03-16T17:44:30.166463Z,1101.6035370012105,,1101.6035370012105,31,False,28.140795629967133,True,200,,
98ad2c51-04cf-40ed-9c92-6a14d6c1d3df,20260316_174216,exp-vllm-public-concurrency32-stream-false,quickstart,1,2,12,Why run the same test at different concurrency levels?,vllm,Qwen/Qwen2-0.5B-Instruct,False,2026-03-16T17:44:29.181191Z,2026-03-16T17:44:32.520875Z,3339.6876489987335,,3339.6876489987335,96,False,28.745203171554564,True,200,,
e667723c-9164-4bdf-ac27-04de4c08a0e7,20260316_174216,exp-vllm-public-concurrency32-stream-false,quickstart,1,2,13,List four reasons response time matters for chat apps.,vllm,Qwen/Qwen2-0.5B-Instruct,False,2026-03-16T17:44:30.166733Z,2026-03-16T17:44:33.505114Z,3338.384256001518,,3338.384256001518,96,False,28.756426054735247,True,200,,
79e087d7-633f-46a3-a867-8727b5a4d793,20260316_174216,exp-vllm-public-concurrency32-stream-false,quickstart,1,2,14,How would you reduce slow requests in a model API?,vllm,Qwen/Qwen2-0.5B-Instruct,False,2026-03-16T17:44:32.521167Z,2026-03-16T17:44:35.896235Z,3375.0703959995008,,3375.0703959995008,96,False,28.443851160494194,True,200,,
f58877db-6fb0-46b7-9c31-71c8dfa87a47,20260316_174216,exp-vllm-public-concurrency32-stream-false,quickstart,1,2,15,What should a benchmark report include to be reproducible?,vllm,Qwen/Qwen2-0.5B-Instruct,False,2026-03-16T17:44:33.505390Z,2026-03-16T17:44:36.978232Z,3472.843362000276,,3472.843362000276,96,False,27.643054982101543,True,200,,
c1b98f0d-00b1-4c52-9dcb-ab721a6ef0ad,20260316_174216,exp-vllm-public-concurrency32-stream-false,quickstart,1,2,16,"Draft a one-line status update: API had 5xx errors for 2 minutes, now fixed.",vllm,Qwen/Qwen2-0.5B-Instruct,False,2026-03-16T17:44:35.896535Z,2026-03-16T17:44:36.567468Z,670.9354099984921,,670.9354099984921,17,False,25.337759412695487,True,200,,
a184047a-b624-4aa1-a10e-2eb5fbd02bf8,20260316_174216,exp-vllm-public-concurrency32-stream-false,quickstart,1,2,17,Trade-off between throughput and latency in one sentence.,vllm,Qwen/Qwen2-0.5B-Instruct,False,2026-03-16T17:44:36.567756Z,2026-03-16T17:44:37.675842Z,1108.088704999318,,1108.088704999318,29,False,26.171189968061128,True,200,,
ff8076b0-2d5f-4f22-a08d-5a5c902572aa,20260316_174216,exp-vllm-public-concurrency32-stream-false,quickstart,1,2,18,Why run the same test at different concurrency levels?,vllm,Qwen/Qwen2-0.5B-Instruct,False,2026-03-16T17:44:36.978514Z,2026-03-16T17:44:40.449117Z,3470.6049190008343,,3470.6049190008343,96,False,27.660883978588323,True,200,,
20d3f41e-a021-4d7b-9829-e302d2ffb04e,20260316_174216,exp-vllm-public-concurrency32-stream-false,quickstart,1,2,19,List four reasons response time matters for chat apps.,vllm,Qwen/Qwen2-0.5B-Instruct,False,2026-03-16T17:44:37.676123Z,2026-03-16T17:44:41.181249Z,3505.1292219995958,,3505.1292219995958,96,False,27.38843389780483,True,200,,
103bb793-c600-4bf8-9424-404512a62a6d,20260316_174216,exp-vllm-public-concurrency32-stream-false,quickstart,1,2,20,How would you reduce slow requests in a model API?,vllm,Qwen/Qwen2-0.5B-Instruct,False,2026-03-16T17:44:40.449497Z,2026-03-16T17:44:44.011792Z,3562.297684000441,,3562.297684000441,96,False,26.94889886130811,True,200,,
545e223c-324a-4d2d-8bed-92e026b41a3e,20260316_174216,exp-vllm-public-concurrency32-stream-false,quickstart,1,2,21,What should a benchmark report include to be reproducible?,vllm,Qwen/Qwen2-0.5B-Instruct,False,2026-03-16T17:44:41.181587Z,2026-03-16T17:44:44.693859Z,3512.27315199867,,3512.27315199867,96,False,27.332726085205216,True,200,,
af8e554e-56b0-4c6c-85f6-6b45419a4c47,20260316_174216,exp-vllm-public-concurrency32-stream-false,quickstart,1,2,22,"Draft a one-line status update: API had 5xx errors for 2 minutes, now fixed.",vllm,Qwen/Qwen2-0.5B-Instruct,False,2026-03-16T17:44:44.012122Z,2026-03-16T17:44:44.655696Z,643.5763739991671,,643.5763739991671,17,False,26.41489135836736,True,200,,
3a4d89d2-d8d2-458b-be76-6d7ddc0ae59c,20260316_174216,exp-vllm-public-concurrency32-stream-false,quickstart,1,2,23,Trade-off between throughput and latency in one sentence.,vllm,Qwen/Qwen2-0.5B-Instruct,False,2026-03-16T17:44:44.655993Z,2026-03-16T17:44:45.806072Z,1150.0825530001748,,1150.0825530001748,31,False,26.95458679825333,True,200,,
811d7a73-927c-45e8-9e9e-e26a68ed7d43,20260316_174216,exp-vllm-public-concurrency32-stream-false,quickstart,1,2,24,Why run the same test at different concurrency levels?,vllm,Qwen/Qwen2-0.5B-Instruct,False,2026-03-16T17:44:44.694105Z,2026-03-16T17:44:48.157660Z,3463.5570909995295,,3463.5570909995295,96,False,27.717169799068007,True,200,,
56c76cce-8d41-4a22-a1bf-feed6ee87716,20260316_174216,exp-vllm-public-concurrency32-stream-false,quickstart,1,2,25,List four reasons response time matters for chat apps.,vllm,Qwen/Qwen2-0.5B-Instruct,False,2026-03-16T17:44:45.806794Z,2026-03-16T17:44:49.263652Z,3456.860931999472,,3456.860931999472,96,False,27.770859715919478,True,200,,
8f62b00f-fc72-4d08-8aa4-44ebfb14c8a8,20260316_174216,exp-vllm-public-concurrency32-stream-false,quickstart,1,2,26,How would you reduce slow requests in a model API?,vllm,Qwen/Qwen2-0.5B-Instruct,False,2026-03-16T17:44:48.158058Z,2026-03-16T17:44:51.633217Z,3475.1617639994947,,3475.1617639994947,96,False,27.6246133329677,True,200,,
772671ae-c077-4766-b177-0b59aff072f7,20260316_174216,exp-vllm-public-concurrency32-stream-false,quickstart,1,2,27,What should a benchmark report include to be reproducible?,vllm,Qwen/Qwen2-0.5B-Instruct,False,2026-03-16T17:44:49.263959Z,2026-03-16T17:44:52.814804Z,3550.848479999331,,3550.848479999331,96,False,27.035791738434888,True,200,,
4ddeb2fb-fdec-4615-9b20-0d35472b0179,20260316_174216,exp-vllm-public-concurrency32-stream-false,quickstart,1,2,28,"Draft a one-line status update: API had 5xx errors for 2 minutes, now fixed.",vllm,Qwen/Qwen2-0.5B-Instruct,False,2026-03-16T17:44:51.633552Z,2026-03-16T17:44:52.316239Z,682.6888180003152,,682.6888180003152,17,False,24.901535738926004,True,200,,
4a3b51f7-4343-4274-90f3-8199b21581d3,20260316_174216,exp-vllm-public-concurrency32-stream-false,quickstart,1,2,29,Trade-off between throughput and latency in one sentence.,vllm,Qwen/Qwen2-0.5B-Instruct,False,2026-03-16T17:44:52.316536Z,2026-03-16T17:44:53.490257Z,1173.7224779990356,,1173.7224779990356,29,False,24.70771459488384,True,200,,
49cea334-07d7-48ec-99b2-1e2bdd3082b3,20260316_174216,exp-vllm-public-concurrency32-stream-false,quickstart,1,2,30,Why run the same test at different concurrency levels?,vllm,Qwen/Qwen2-0.5B-Instruct,False,2026-03-16T17:44:52.815106Z,2026-03-16T17:44:56.409935Z,3594.8323119991983,,3594.8323119991983,96,False,26.705000864591486,True,200,,
15419d09-2c31-48bf-8b68-9317d566f0b8,20260316_174216,exp-vllm-public-concurrency32-stream-false,quickstart,1,2,31,List four reasons response time matters for chat apps.,vllm,Qwen/Qwen2-0.5B-Instruct,False,2026-03-16T17:44:53.490553Z,2026-03-16T17:44:57.024566Z,3534.0157310001814,,3534.0157310001814,96,False,27.164564989876407,True,200,,
6838fce9-b628-420a-881a-c6eec0dd9da2,20260316_174216,exp-vllm-public-concurrency32-stream-false,quickstart,1,2,32,How would you reduce slow requests in a model API?,vllm,Qwen/Qwen2-0.5B-Instruct,False,2026-03-16T17:44:56.410315Z,2026-03-16T17:44:59.842748Z,3432.435226999587,,3432.435226999587,96,False,27.96848116604286,True,200,,
3f9b5229-5a70-4e74-bf10-013b31f3f42d,20260316_174216,exp-vllm-public-concurrency32-stream-false,quickstart,1,2,33,What should a benchmark report include to be reproducible?,vllm,Qwen/Qwen2-0.5B-Instruct,False,2026-03-16T17:44:57.024857Z,2026-03-16T17:45:00.484711Z,3459.8567970006116,,3459.8567970006116,96,False,27.74681312915132,True,200,,
528218ef-88c9-46bc-84c9-4b05477dc386,20260316_174216,exp-vllm-public-concurrency32-stream-false,quickstart,1,2,34,"Draft a one-line status update: API had 5xx errors for 2 minutes, now fixed.",vllm,Qwen/Qwen2-0.5B-Instruct,False,2026-03-16T17:44:59.843129Z,2026-03-16T17:45:00.522839Z,679.7110850002355,,679.7110850002355,17,False,25.010626389878738,True,200,,
8d47ad45-04ea-45c2-8fc1-a14a019398df,20260316_174216,exp-vllm-public-concurrency32-stream-false,quickstart,1,2,35,Trade-off between throughput and latency in one sentence.,vllm,Qwen/Qwen2-0.5B-Instruct,False,2026-03-16T17:45:00.484980Z,2026-03-16T17:45:01.389847Z,904.8686629994336,,904.8686629994336,24,False,26.523186161011992,True,200,,
3d049ee6-1cef-41a8-a4c1-7b9d68fdd3d9,20260316_174216,exp-vllm-public-concurrency32-stream-false,quickstart,1,2,36,Why run the same test at different concurrency levels?,vllm,Qwen/Qwen2-0.5B-Instruct,False,2026-03-16T17:45:00.523065Z,2026-03-16T17:45:03.929099Z,3406.036452999615,,3406.036452999615,96,False,28.185253248084027,True,200,,
f0b0b6a2-6f76-42ce-adfa-054d31cb9661,20260316_174216,exp-vllm-public-concurrency32-stream-false,quickstart,1,2,37,List four reasons response time matters for chat apps.,vllm,Qwen/Qwen2-0.5B-Instruct,False,2026-03-16T17:45:01.390136Z,2026-03-16T17:45:04.779157Z,3389.0224949991534,,3389.0224949991534,96,False,28.326752077231042,True,200,,
f997ccdd-aeb9-4504-a07b-224b85f4e172,20260316_174216,exp-vllm-public-concurrency32-stream-false,quickstart,1,2,38,How would you reduce slow requests in a model API?,vllm,Qwen/Qwen2-0.5B-Instruct,False,2026-03-16T17:45:03.929409Z,2026-03-16T17:45:07.346906Z,3417.5004529988655,,3417.5004529988655,96,False,28.090705859529514,True,200,,
ec4a9023-d2ff-454f-8f6d-4d43cd09a874,20260316_174216,exp-vllm-public-concurrency32-stream-false,quickstart,1,2,39,What should a benchmark report include to be reproducible?,vllm,Qwen/Qwen2-0.5B-Instruct,False,2026-03-16T17:45:04.779452Z,2026-03-16T17:45:08.243789Z,3464.3382169997494,,3464.3382169997494,96,False,27.71092023547854,True,200,,
03d58102-0dc9-4fec-a733-0dcfc7a9c3d1,20260316_174216,exp-vllm-public-concurrency32-stream-false,quickstart,1,2,40,"Draft a one-line status update: API had 5xx errors for 2 minutes, now fixed.",vllm,Qwen/Qwen2-0.5B-Instruct,False,2026-03-16T17:45:07.347659Z,2026-03-16T17:45:08.013209Z,665.5527700004313,,665.5527700004313,17,False,25.542677855565056,True,200,,
c4d9f7c9-a823-416b-b93d-86ee1f4a2f38,20260316_174216,exp-vllm-public-concurrency32-stream-false,quickstart,1,2,41,Trade-off between throughput and latency in one sentence.,vllm,Qwen/Qwen2-0.5B-Instruct,False,2026-03-16T17:45:08.013492Z,2026-03-16T17:45:09.166424Z,1152.9347880004934,,1152.9347880004934,31,False,26.887904088454597,True,200,,
20c41d9e-05f9-493b-a40d-ea8c178f9f95,20260316_174216,exp-vllm-public-concurrency32-stream-false,quickstart,1,2,42,Why run the same test at different concurrency levels?,vllm,Qwen/Qwen2-0.5B-Instruct,False,2026-03-16T17:45:08.244083Z,2026-03-16T17:45:11.670292Z,3426.2111650004954,,3426.2111650004954,96,False,28.019288764411613,True,200,,
62ca59f1-5100-4750-82cc-f59f62cef575,20260316_174216,exp-vllm-public-concurrency32-stream-false,quickstart,1,2,43,List four reasons response time matters for chat apps.,vllm,Qwen/Qwen2-0.5B-Instruct,False,2026-03-16T17:45:09.166692Z,2026-03-16T17:45:12.636412Z,3469.7221660007926,,3469.7221660007926,96,False,27.66792135136565,True,200,,
d9307d8d-da37-4fdd-b4ac-0deeb69dbb9d,20260316_174216,exp-vllm-public-concurrency32-stream-false,quickstart,1,2,44,How would you reduce slow requests in a model API?,vllm,Qwen/Qwen2-0.5B-Instruct,False,2026-03-16T17:45:11.670587Z,2026-03-16T17:45:15.233432Z,3562.846761999026,,3562.846761999026,96,False,26.944745708383135,True,200,,
db4f7a1a-3f49-42ee-b33e-8b9a5ef5f22f,20260316_174216,exp-vllm-public-concurrency32-stream-false,quickstart,1,2,45,What should a benchmark report include to be reproducible?,vllm,Qwen/Qwen2-0.5B-Instruct,False,2026-03-16T17:45:12.636678Z,2026-03-16T17:45:16.185664Z,3548.9883270001883,,3548.9883270001883,96,False,27.04996217362732,True,200,,
80215455-5ab6-4538-939a-facf8a59fb7e,20260316_174216,exp-vllm-public-concurrency32-stream-false,quickstart,1,2,46,"Draft a one-line status update: API had 5xx errors for 2 minutes, now fixed.",vllm,Qwen/Qwen2-0.5B-Instruct,False,2026-03-16T17:45:15.233698Z,2026-03-16T17:45:15.884726Z,651.0296930009645,,651.0296930009645,17,False,26.112480248999663,True,200,,
08d567af-2e07-44a6-9cd1-1ddfc3888085,20260316_174216,exp-vllm-public-concurrency32-stream-false,quickstart,1,2,47,Trade-off between throughput and latency in one sentence.,vllm,Qwen/Qwen2-0.5B-Instruct,False,2026-03-16T17:45:15.884988Z,2026-03-16T17:45:16.767396Z,882.4100649999309,,882.4100649999309,24,False,27.198239176931736,True,200,,
447b90cb-75c3-4b30-8499-ba7fb26a2e47,20260316_174216,exp-vllm-public-concurrency32-stream-false,quickstart,1,4,0,What should a benchmark report include to be reproducible?,vllm,Qwen/Qwen2-0.5B-Instruct,False,2026-03-16T17:45:16.768470Z,2026-03-16T17:45:20.362783Z,3594.314234000194,,3594.314234000194,96,False,26.708850075459154,True,200,,
7edab79d-aad7-40f0-b971-6ad39483f81d,20260316_174216,exp-vllm-public-concurrency32-stream-false,quickstart,1,4,1,How would you reduce slow requests in a model API?,vllm,Qwen/Qwen2-0.5B-Instruct,False,2026-03-16T17:45:16.768772Z,2026-03-16T17:45:20.404450Z,3635.6783530009125,,3635.6783530009125,96,False,26.404976094973026,True,200,,
8cc0a238-6886-4201-b85e-09a784708bbb,20260316_174216,exp-vllm-public-concurrency32-stream-false,quickstart,1,4,2,Why run the same test at different concurrency levels?,vllm,Qwen/Qwen2-0.5B-Instruct,False,2026-03-16T17:45:16.768925Z,2026-03-16T17:45:20.403666Z,3634.74261599913,,3634.74261599913,96,False,26.41177385640309,True,200,,
9af98da3-e565-4d70-b31b-bb7f7668d113,20260316_174216,exp-vllm-public-concurrency32-stream-false,quickstart,1,4,3,"Draft a one-line status update: API had 5xx errors for 2 minutes, now fixed.",vllm,Qwen/Qwen2-0.5B-Instruct,False,2026-03-16T17:45:16.769069Z,2026-03-16T17:45:17.488364Z,719.2981689986482,,719.2981689986482,17,False,23.634148858832905,True,200,,
6f59a223-5506-445b-aaa8-fdd8034d5970,20260316_174216,exp-vllm-public-concurrency32-stream-false,quickstart,1,4,4,List four reasons response time matters for chat apps.,vllm,Qwen/Qwen2-0.5B-Instruct,False,2026-03-16T17:45:17.488625Z,2026-03-16T17:45:21.098939Z,3610.31661800007,,3610.31661800007,96,False,26.590465645414522,True,200,,
c14e2ed8-78a8-4ddd-8fd1-e9e003f1c2cc,20260316_174216,exp-vllm-public-concurrency32-stream-false,quickstart,1,4,5,Trade-off between throughput and latency in one sentence.,vllm,Qwen/Qwen2-0.5B-Instruct,False,2026-03-16T17:45:20.363080Z,2026-03-16T17:45:21.589423Z,1226.3454839994665,,1226.3454839994665,31,False,25.27835785630331,True,200,,
31782f36-6c44-4cbb-95ae-0697a0479320,20260316_174216,exp-vllm-public-concurrency32-stream-false,quickstart,1,4,6,What should a benchmark report include to be reproducible?,vllm,Qwen/Qwen2-0.5B-Instruct,False,2026-03-16T17:45:20.404126Z,2026-03-16T17:45:24.061764Z,3657.640362998791,,3657.640362998791,96,False,26.24642952083251,True,200,,
bd176b11-368b-48ba-a70d-16471c4a0cf2,20260316_174216,exp-vllm-public-concurrency32-stream-false,quickstart,1,4,7,How would you reduce slow requests in a model API?,vllm,Qwen/Qwen2-0.5B-Instruct,False,2026-03-16T17:45:20.404591Z,2026-03-16T17:45:24.062621Z,3658.0304790004448,,3658.0304790004448,96,False,26.243630432032912,True,200,,
b51aa99a-2114-4767-ace8-1fc44a007448,20260316_174216,exp-vllm-public-concurrency32-stream-false,quickstart,1,4,8,Why run the same test at different concurrency levels?,vllm,Qwen/Qwen2-0.5B-Instruct,False,2026-03-16T17:45:21.099215Z,2026-03-16T17:45:24.779999Z,3680.7857509993482,,3680.7857509993482,96,False,26.081387642281438,True,200,,
29b518cb-fab1-4e9f-bca6-08620af3a505,20260316_174216,exp-vllm-public-concurrency32-stream-false,quickstart,1,4,9,"Draft a one-line status update: API had 5xx errors for 2 minutes, now fixed.",vllm,Qwen/Qwen2-0.5B-Instruct,False,2026-03-16T17:45:21.589705Z,2026-03-16T17:45:22.273243Z,683.5412319996976,,683.5412319996976,17,False,24.870482136485837,True,200,,
c93896a6-c751-47e5-988c-5fd3997280e2,20260316_174216,exp-vllm-public-concurrency32-stream-false,quickstart,1,4,10,List four reasons response time matters for chat apps.,vllm,Qwen/Qwen2-0.5B-Instruct,False,2026-03-16T17:45:22.273517Z,2026-03-16T17:45:25.966478Z,3692.9636469994875,,3692.9636469994875,96,False,25.995381806154377,True,200,,
d510e8f1-51c9-4d57-93ce-866878e0d90b,20260316_174216,exp-vllm-public-concurrency32-stream-false,quickstart,1,4,11,Trade-off between throughput and latency in one sentence.,vllm,Qwen/Qwen2-0.5B-Instruct,False,2026-03-16T17:45:24.062307Z,2026-03-16T17:45:25.310010Z,1247.7047779993882,,1247.7047779993882,31,False,24.845620972700324,True,200,,
47956c6c-4b47-4705-8989-ea2f764ba730,20260316_174216,exp-vllm-public-concurrency32-stream-false,quickstart,1,4,12,What should a benchmark report include to be reproducible?,vllm,Qwen/Qwen2-0.5B-Instruct,False,2026-03-16T17:45:24.062750Z,2026-03-16T17:45:27.793421Z,3730.6736359987553,,3730.6736359987553,96,False,25.73261811852363,True,200,,
92fe8718-a5df-4930-a9e7-1dd3f4e2fdd0,20260316_174216,exp-vllm-public-concurrency32-stream-false,quickstart,1,4,13,How would you reduce slow requests in a model API?,vllm,Qwen/Qwen2-0.5B-Instruct,False,2026-03-16T17:45:24.780274Z,2026-03-16T17:45:28.475723Z,3695.4522079995513,,3695.4522079995513,96,False,25.977876210166823,True,200,,
bfe0fd6a-a9ed-47ac-8969-af3ae2b6c616,20260316_174216,exp-vllm-public-concurrency32-stream-false,quickstart,1,4,14,Why run the same test at different concurrency levels?,vllm,Qwen/Qwen2-0.5B-Instruct,False,2026-03-16T17:45:25.310314Z,2026-03-16T17:45:29.021350Z,3711.038075000033,,3711.038075000033,96,False,25.86877258056673,True,200,,
fdf123aa-5c67-4d8e-9a24-12f00dddeaf5,20260316_174216,exp-vllm-public-concurrency32-stream-false,quickstart,1,4,15,"Draft a one-line status update: API had 5xx errors for 2 minutes, now fixed.",vllm,Qwen/Qwen2-0.5B-Instruct,False,2026-03-16T17:45:25.966765Z,2026-03-16T17:45:26.661440Z,694.6762829993531,,694.6762829993531,17,False,24.47183014022062,True,200,,
8fc0e35f-16e0-4b53-8047-7898e4b0ea57,20260316_174216,exp-vllm-public-concurrency32-stream-false,quickstart,1,4,16,List four reasons response time matters for chat apps.,vllm,Qwen/Qwen2-0.5B-Instruct,False,2026-03-16T17:45:26.661710Z,2026-03-16T17:45:30.325577Z,3663.8705049990676,,3663.8705049990676,96,False,26.201799400119473,True,200,,
84618c57-c941-4fd8-92c6-2cef0de9b2f0,20260316_174216,exp-vllm-public-concurrency32-stream-false,quickstart,1,4,17,Trade-off between throughput and latency in one sentence.,vllm,Qwen/Qwen2-0.5B-Instruct,False,2026-03-16T17:45:27.793690Z,2026-03-16T17:45:28.746931Z,953.2428589991468,,953.2428589991468,24,False,25.17721457173956,True,200,,
b7db8948-4d56-4299-afb2-abfc64bc37b3,20260316_174216,exp-vllm-public-concurrency32-stream-false,quickstart,1,4,18,What should a benchmark report include to be reproducible?,vllm,Qwen/Qwen2-0.5B-Instruct,False,2026-03-16T17:45:28.476008Z,2026-03-16T17:45:32.130721Z,3654.7146320008324,,3654.7146320008324,96,False,26.267440735158917,True,200,,
5fa956bc-13de-4223-89b7-225f6abf2b85,20260316_174216,exp-vllm-public-concurrency32-stream-false,quickstart,1,4,19,How would you reduce slow requests in a model API?,vllm,Qwen/Qwen2-0.5B-Instruct,False,2026-03-16T17:45:28.747175Z,2026-03-16T17:45:32.402627Z,3655.453203999059,,3655.453203999059,96,False,26.262133487299515,True,200,,
d87a491a-9ee5-4a22-9e30-8c12908d78e9,20260316_174216,exp-vllm-public-concurrency32-stream-false,quickstart,1,4,20,Why run the same test at different concurrency levels?,vllm,Qwen/Qwen2-0.5B-Instruct,False,2026-03-16T17:45:29.021627Z,2026-03-16T17:45:32.673720Z,3652.094731000034,,3652.094731000034,96,False,26.286284193321794,True,200,,
6b238528-919e-4ad4-b0a7-530d918d4f7a,20260316_174216,exp-vllm-public-concurrency32-stream-false,quickstart,1,4,21,"Draft a one-line status update: API had 5xx errors for 2 minutes, now fixed.",vllm,Qwen/Qwen2-0.5B-Instruct,False,2026-03-16T17:45:30.325837Z,2026-03-16T17:45:31.002197Z,676.3632770016557,,676.3632770016557,17,False,25.134421956439816,True,200,,
f6cd8229-a6a3-402f-9522-055e1987b876,20260316_174216,exp-vllm-public-concurrency32-stream-false,quickstart,1,4,22,List four reasons response time matters for chat apps.,vllm,Qwen/Qwen2-0.5B-Instruct,False,2026-03-16T17:45:31.002462Z,2026-03-16T17:45:34.650650Z,3648.190476998934,,3648.190476998934,96,False,26.314415490435493,True,200,,
8f8fd530-965f-46d1-8640-8b4bc9836512,20260316_174216,exp-vllm-public-concurrency32-stream-false,quickstart,1,4,23,Trade-off between throughput and latency in one sentence.,vllm,Qwen/Qwen2-0.5B-Instruct,False,2026-03-16T17:45:32.130997Z,2026-03-16T17:45:33.349403Z,1218.4082380008476,,1218.4082380008476,31,False,25.443032173571396,True,200,,
b1b500fd-042d-4261-90f5-52390b116e4b,20260316_174216,exp-vllm-public-concurrency32-stream-false,quickstart,1,4,24,What should a benchmark report include to be reproducible?,vllm,Qwen/Qwen2-0.5B-Instruct,False,2026-03-16T17:45:32.402888Z,2026-03-16T17:45:36.053111Z,3650.224947999959,,3650.224947999959,96,False,26.29974902028999,True,200,,
54cd3a3a-4b26-4a50-9df5-31b9e5935b0e,20260316_174216,exp-vllm-public-concurrency32-stream-false,quickstart,1,4,25,How would you reduce slow requests in a model API?,vllm,Qwen/Qwen2-0.5B-Instruct,False,2026-03-16T17:45:32.673965Z,2026-03-16T17:45:36.332246Z,3658.2827889997134,,3658.2827889997134,96,False,26.241820421501462,True,200,,
180165b1-a353-48af-a249-521b49f8617b,20260316_174216,exp-vllm-public-concurrency32-stream-false,quickstart,1,4,26,Why run the same test at different concurrency levels?,vllm,Qwen/Qwen2-0.5B-Instruct,False,2026-03-16T17:45:33.349681Z,2026-03-16T17:45:37.014450Z,3664.7718100011843,,3664.7718100011843,96,False,26.195355393756145,True,200,,
c4fe3596-8d27-48e8-a298-e18520f91d7a,20260316_174216,exp-vllm-public-concurrency32-stream-false,quickstart,1,4,27,"Draft a one-line status update: API had 5xx errors for 2 minutes, now fixed.",vllm,Qwen/Qwen2-0.5B-Instruct,False,2026-03-16T17:45:34.650918Z,2026-03-16T17:45:35.335650Z,684.7342259989091,,684.7342259989091,17,False,24.82715096532517,True,200,,
347423c1-9b4f-4d58-9dd6-866514fe0157,20260316_174216,exp-vllm-public-concurrency32-stream-false,quickstart,1,4,28,List four reasons response time matters for chat apps.,vllm,Qwen/Qwen2-0.5B-Instruct,False,2026-03-16T17:45:35.335920Z,2026-03-16T17:45:39.028979Z,3693.0605039997317,,3693.0605039997317,96,False,25.994700031593897,True,200,,
d55d9bfe-1269-4722-ad25-d99ab1485872,20260316_174216,exp-vllm-public-concurrency32-stream-false,quickstart,1,4,29,Trade-off between throughput and latency in one sentence.,vllm,Qwen/Qwen2-0.5B-Instruct,False,2026-03-16T17:45:36.053395Z,2026-03-16T17:45:37.218580Z,1165.1870909990976,,1165.1870909990976,29,False,24.88870690726049,True,200,,
e5f09ffb-aa16-4617-befd-dcb684c0ed55,20260316_174216,exp-vllm-public-concurrency32-stream-false,quickstart,1,4,30,What should a benchmark report include to be reproducible?,vllm,Qwen/Qwen2-0.5B-Instruct,False,2026-03-16T17:45:36.332501Z,2026-03-16T17:45:40.035097Z,3702.598821999345,,3702.598821999345,96,False,25.92773471152392,True,200,,
0c1303ff-bec4-49d5-8b15-097898934471,20260316_174216,exp-vllm-public-concurrency32-stream-false,quickstart,1,4,31,How would you reduce slow requests in a model API?,vllm,Qwen/Qwen2-0.5B-Instruct,False,2026-03-16T17:45:37.014703Z,2026-03-16T17:45:40.731064Z,3716.3728560008167,,3716.3728560008167,96,False,25.83163846033077,True,200,,
d72661c4-b3e3-4fe2-aa11-00cd3f321983,20260316_174216,exp-vllm-public-concurrency32-stream-false,quickstart,1,4,32,Why run the same test at different concurrency levels?,vllm,Qwen/Qwen2-0.5B-Instruct,False,2026-03-16T17:45:37.218856Z,2026-03-16T17:45:40.930436Z,3711.5825310011132,,3711.5825310011132,96,False,25.864977862719446,True,200,,
b0c564bc-00d6-4345-b675-bf800050aa04,20260316_174216,exp-vllm-public-concurrency32-stream-false,quickstart,1,4,33,"Draft a one-line status update: API had 5xx errors for 2 minutes, now fixed.",vllm,Qwen/Qwen2-0.5B-Instruct,False,2026-03-16T17:45:39.029265Z,2026-03-16T17:45:39.718279Z,689.015425999969,,689.015425999969,17,False,24.67288736725724,True,200,,
34b79e72-52ea-4e48-a634-fdd57a930c69,20260316_174216,exp-vllm-public-concurrency32-stream-false,quickstart,1,4,34,List four reasons response time matters for chat apps.,vllm,Qwen/Qwen2-0.5B-Instruct,False,2026-03-16T17:45:39.718543Z,2026-03-16T17:45:43.413829Z,3695.288206999976,,3695.288206999976,96,False,25.97902913719894,True,200,,
aaf98f23-f407-40de-b26f-66d6e2fc00f6,20260316_174216,exp-vllm-public-concurrency32-stream-false,quickstart,1,4,35,Trade-off between throughput and latency in one sentence.,vllm,Qwen/Qwen2-0.5B-Instruct,False,2026-03-16T17:45:40.035361Z,2026-03-16T17:45:41.284994Z,1249.6358690004854,,1249.6358690004854,31,False,24.807226464134057,True,200,,
b3bf4205-02da-4468-8375-7fb716efeae3,20260316_174216,exp-vllm-public-concurrency32-stream-false,quickstart,1,4,36,What should a benchmark report include to be reproducible?,vllm,Qwen/Qwen2-0.5B-Instruct,False,2026-03-16T17:45:40.731381Z,2026-03-16T17:45:44.405947Z,3674.569311000596,,3674.569311000596,96,False,26.125510740157715,True,200,,
c73b4cd7-768d-44e0-a6fc-193bbd9b051b,20260316_174216,exp-vllm-public-concurrency32-stream-false,quickstart,1,4,37,How would you reduce slow requests in a model API?,vllm,Qwen/Qwen2-0.5B-Instruct,False,2026-03-16T17:45:40.930732Z,2026-03-16T17:45:44.606303Z,3675.572722999277,,3675.572722999277,96,False,26.118378613296418,True,200,,
71210f96-bd03-4328-8c96-a8296f770211,20260316_174216,exp-vllm-public-concurrency32-stream-false,quickstart,1,4,38,Why run the same test at different concurrency levels?,vllm,Qwen/Qwen2-0.5B-Instruct,False,2026-03-16T17:45:41.285303Z,2026-03-16T17:45:44.960743Z,3675.4419680000865,,3675.4419680000865,96,False,26.11930778279608,True,200,,
8407f7cd-2cb7-4596-9753-44e50bfda544,20260316_174216,exp-vllm-public-concurrency32-stream-false,quickstart,1,4,39,"Draft a one-line status update: API had 5xx errors for 2 minutes, now fixed.",vllm,Qwen/Qwen2-0.5B-Instruct,False,2026-03-16T17:45:43.414131Z,2026-03-16T17:45:44.097807Z,683.6806390001584,,683.6806390001584,17,False,24.865410880819255,True,200,,
2f27899e-a6b9-46bd-8ef0-fe39cc08a5ed,20260316_174216,exp-vllm-public-concurrency32-stream-false,quickstart,1,4,40,List four reasons response time matters for chat apps.,vllm,Qwen/Qwen2-0.5B-Instruct,False,2026-03-16T17:45:44.098109Z,2026-03-16T17:45:47.767517Z,3669.409521999114,,3669.409521999114,96,False,26.16224747454699,True,200,,
7ea66adb-76a8-4b51-a879-9a4d51c2dcea,20260316_174216,exp-vllm-public-concurrency32-stream-false,quickstart,1,4,41,Trade-off between throughput and latency in one sentence.,vllm,Qwen/Qwen2-0.5B-Instruct,False,2026-03-16T17:45:44.406246Z,2026-03-16T17:45:45.379804Z,973.5601709999173,,973.5601709999173,24,False,24.651789088033716,True,200,,
f2b9a831-4ed2-45b9-95a2-f2233e5505a1,20260316_174216,exp-vllm-public-concurrency32-stream-false,quickstart,1,4,42,What should a benchmark report include to be reproducible?,vllm,Qwen/Qwen2-0.5B-Instruct,False,2026-03-16T17:45:44.606539Z,2026-03-16T17:45:48.264675Z,3658.1383229986386,,3658.1383229986386,96,False,26.242856754882673,True,200,,
315d77eb-034f-4d5a-a9dd-9c3d9a64972a,20260316_174216,exp-vllm-public-concurrency32-stream-false,quickstart,1,4,43,How would you reduce slow requests in a model API?,vllm,Qwen/Qwen2-0.5B-Instruct,False,2026-03-16T17:45:44.961032Z,2026-03-16T17:45:48.633750Z,3672.7185060008196,,3672.7185060008196,96,False,26.138676253882927,True,200,,
db80cc20-dc5c-4e07-b270-8ff173c6761c,20260316_174216,exp-vllm-public-concurrency32-stream-false,quickstart,1,4,44,Why run the same test at different concurrency levels?,vllm,Qwen/Qwen2-0.5B-Instruct,False,2026-03-16T17:45:45.380041Z,2026-03-16T17:45:49.028812Z,3648.772723001457,,3648.772723001457,96,False,26.310216417379653,True,200,,
b78011ef-1028-4e62-8745-05d78feb53f9,20260316_174216,exp-vllm-public-concurrency32-stream-false,quickstart,1,4,45,"Draft a one-line status update: API had 5xx errors for 2 minutes, now fixed.",vllm,Qwen/Qwen2-0.5B-Instruct,False,2026-03-16T17:45:47.767794Z,2026-03-16T17:45:48.472813Z,705.0204570005008,,705.0204570005008,17,False,24.112775496368222,True,200,,
6f3fa468-50a0-458f-a8ec-e4be9722e266,20260316_174216,exp-vllm-public-concurrency32-stream-false,quickstart,1,4,46,List four reasons response time matters for chat apps.,vllm,Qwen/Qwen2-0.5B-Instruct,False,2026-03-16T17:45:48.264947Z,2026-03-16T17:45:51.774842Z,3509.8978670012,,3509.8978670012,96,False,27.3512232086744,True,200,,
5e8d2587-f495-4314-a368-5efabc0a857a,20260316_174216,exp-vllm-public-concurrency32-stream-false,quickstart,1,4,47,Trade-off between throughput and latency in one sentence.,vllm,Qwen/Qwen2-0.5B-Instruct,False,2026-03-16T17:45:48.473050Z,2026-03-16T17:45:49.654736Z,1181.688139000471,,1181.688139000471,31,False,26.23365588337148,True,200,,
32f2480c-b5d5-4497-842b-9c6bb65c5817,20260316_174216,exp-vllm-public-concurrency32-stream-false,quickstart,1,8,0,"Draft a one-line status update: API had 5xx errors for 2 minutes, now fixed.",vllm,Qwen/Qwen2-0.5B-Instruct,False,2026-03-16T17:45:51.775335Z,2026-03-16T17:45:52.739356Z,964.0207669999654,,964.0207669999654,17,False,17.63447488056096,True,200,,
4cf664e7-30f1-44a8-97c6-b5f84b2b6418,20260316_174216,exp-vllm-public-concurrency32-stream-false,quickstart,1,8,1,Trade-off between throughput and latency in one sentence.,vllm,Qwen/Qwen2-0.5B-Instruct,False,2026-03-16T17:45:51.775632Z,2026-03-16T17:45:53.447852Z,1672.2220690007816,,1672.2220690007816,31,False,18.538207678674947,True,200,,
00fd44f5-4983-4be1-b98d-323ac1d91062,20260316_174216,exp-vllm-public-concurrency32-stream-false,quickstart,1,8,2,List four reasons response time matters for chat apps.,vllm,Qwen/Qwen2-0.5B-Instruct,False,2026-03-16T17:45:51.775798Z,2026-03-16T17:45:56.640115Z,4864.316383998812,,4864.316383998812,96,False,19.735558385098546,True,200,,
1cefdb06-3176-4f2a-8558-f728f9dae409,20260316_174216,exp-vllm-public-concurrency32-stream-false,quickstart,1,8,3,Why run the same test at different concurrency levels?,vllm,Qwen/Qwen2-0.5B-Instruct,False,2026-03-16T17:45:51.775954Z,2026-03-16T17:45:56.639697Z,4863.7451869999495,,4863.7451869999495,96,False,19.737876124060403,True,200,,
df30d3d9-6bf3-4c7b-88cc-2769a519b44b,20260316_174216,exp-vllm-public-concurrency32-stream-false,quickstart,1,8,4,What should a benchmark report include to be reproducible?,vllm,Qwen/Qwen2-0.5B-Instruct,False,2026-03-16T17:45:51.776096Z,2026-03-16T17:45:56.577579Z,4801.484878998963,,4801.484878998963,96,False,19.99381491752496,True,200,,
6496583d-623b-47fb-9d15-ce63664cc61b,20260316_174216,exp-vllm-public-concurrency32-stream-false,quickstart,1,8,5,How would you reduce slow requests in a model API?,vllm,Qwen/Qwen2-0.5B-Instruct,False,2026-03-16T17:45:51.776247Z,2026-03-16T17:45:56.639974Z,4863.728407999588,,4863.728407999588,96,False,19.737944216232258,True,200,,
70693e5d-4ce2-4224-8a96-7b6a93eacfbe,20260316_174216,exp-vllm-public-concurrency32-stream-false,quickstart,1,8,6,"Draft a one-line status update: API had 5xx errors for 2 minutes, now fixed.",vllm,Qwen/Qwen2-0.5B-Instruct,False,2026-03-16T17:45:51.776395Z,2026-03-16T17:45:52.738523Z,962.1304390002479,,962.1304390002479,16,False,16.62976177806581,True,200,,
0144348b-c1da-43aa-af79-fa0d028aee83,20260316_174216,exp-vllm-public-concurrency32-stream-false,quickstart,1,8,7,Trade-off between throughput and latency in one sentence.,vllm,Qwen/Qwen2-0.5B-Instruct,False,2026-03-16T17:45:51.776553Z,2026-03-16T17:45:53.147068Z,1370.5172929985565,,1370.5172929985565,24,False,17.511636024300262,True,200,,
549e3857-3315-4d44-b4c1-4d789710e783,20260316_174216,exp-vllm-public-concurrency32-stream-false,quickstart,1,8,8,List four reasons response time matters for chat apps.,vllm,Qwen/Qwen2-0.5B-Instruct,False,2026-03-16T17:45:52.739014Z,2026-03-16T17:45:57.511289Z,4772.2766710012365,,4772.2766710012365,96,False,20.116184919316286,True,200,,
9d97d4da-d6f7-4e63-8daf-1065f820fbb0,20260316_174216,exp-vllm-public-concurrency32-stream-false,quickstart,1,8,9,Why run the same test at different concurrency levels?,vllm,Qwen/Qwen2-0.5B-Instruct,False,2026-03-16T17:45:52.739479Z,2026-03-16T17:45:57.511777Z,4772.2977089997585,,4772.2977089997585,96,False,20.11609623996424,True,200,,
54584c45-69df-4d34-9b76-f2d5673d03ff,20260316_174216,exp-vllm-public-concurrency32-stream-false,quickstart,1,8,10,What should a benchmark report include to be reproducible?,vllm,Qwen/Qwen2-0.5B-Instruct,False,2026-03-16T17:45:53.147353Z,2026-03-16T17:45:57.951402Z,4804.053498999565,,4804.053498999565,96,False,19.983124671694814,True,200,,
63ccad62-feb2-4883-9fbf-8fa02daaf431,20260316_174216,exp-vllm-public-concurrency32-stream-false,quickstart,1,8,11,How would you reduce slow requests in a model API?,vllm,Qwen/Qwen2-0.5B-Instruct,False,2026-03-16T17:45:53.448107Z,2026-03-16T17:45:58.258699Z,4810.594697000852,,4810.594697000852,96,False,19.95595265172742,True,200,,
7c09907c-7732-4d23-820a-85dd8ea16a6d,20260316_174216,exp-vllm-public-concurrency32-stream-false,quickstart,1,8,12,"Draft a one-line status update: API had 5xx errors for 2 minutes, now fixed.",vllm,Qwen/Qwen2-0.5B-Instruct,False,2026-03-16T17:45:56.577853Z,2026-03-16T17:45:57.511621Z,933.7680930002534,,933.7680930002534,17,False,18.205805196639318,True,200,,
7692ba92-1cba-4893-b5fa-942ad9807f20,20260316_174216,exp-vllm-public-concurrency32-stream-false,quickstart,1,8,13,Trade-off between throughput and latency in one sentence.,vllm,Qwen/Qwen2-0.5B-Instruct,False,2026-03-16T17:45:56.640192Z,2026-03-16T17:45:58.308876Z,1668.685213999197,,1668.685213999197,31,False,18.57750026184083,True,200,,
3d932712-84f3-4fe5-b9ab-cbc92ffb03dd,20260316_174216,exp-vllm-public-concurrency32-stream-false,quickstart,1,8,14,List four reasons response time matters for chat apps.,vllm,Qwen/Qwen2-0.5B-Instruct,False,2026-03-16T17:45:56.640470Z,2026-03-16T17:46:01.485404Z,4844.934733999253,,4844.934733999253,96,False,19.814508403244634,True,200,,
e21b1b92-7059-4545-9e88-26bde8b2c29b,20260316_174216,exp-vllm-public-concurrency32-stream-false,quickstart,1,8,15,Why run the same test at different concurrency levels?,vllm,Qwen/Qwen2-0.5B-Instruct,False,2026-03-16T17:45:56.640637Z,2026-03-16T17:46:01.484465Z,4843.830227999206,,4843.830227999206,96,False,19.819026572212007,True,200,,
f517bc41-f7cc-4a4d-a4cf-7f37e71718b2,20260316_174216,exp-vllm-public-concurrency32-stream-false,quickstart,1,8,16,What should a benchmark report include to be reproducible?,vllm,Qwen/Qwen2-0.5B-Instruct,False,2026-03-16T17:45:57.511883Z,2026-03-16T17:46:02.487024Z,4975.141502998667,,4975.141502998667,96,False,19.2959335814143,True,200,,
9a6d58bf-8e5d-4bdb-962c-8a342e3c963a,20260316_174216,exp-vllm-public-concurrency32-stream-false,quickstart,1,8,17,How would you reduce slow requests in a model API?,vllm,Qwen/Qwen2-0.5B-Instruct,False,2026-03-16T17:45:57.512173Z,2026-03-16T17:46:02.486708Z,4974.537500000224,,4974.537500000224,96,False,19.29827647293757,True,200,,
f214cff2-314d-4745-b2d2-87726601d1ab,20260316_174216,exp-vllm-public-concurrency32-stream-false,quickstart,1,8,18,"Draft a one-line status update: API had 5xx errors for 2 minutes, now fixed.",vllm,Qwen/Qwen2-0.5B-Instruct,False,2026-03-16T17:45:57.512347Z,2026-03-16T17:45:58.479171Z,966.8266960015899,,966.8266960015899,17,False,17.58329602430842,True,200,,
627fcb9f-7020-4c83-8579-cc186477f43d,20260316_174216,exp-vllm-public-concurrency32-stream-false,quickstart,1,8,19,Trade-off between throughput and latency in one sentence.,vllm,Qwen/Qwen2-0.5B-Instruct,False,2026-03-16T17:45:57.952173Z,2026-03-16T17:45:59.550667Z,1598.4950330002903,,1598.4950330002903,31,False,19.393241367672346,True,200,,
5f584020-2656-4b0a-a782-2705274267a1,20260316_174216,exp-vllm-public-concurrency32-stream-false,quickstart,1,8,20,List four reasons response time matters for chat apps.,vllm,Qwen/Qwen2-0.5B-Instruct,False,2026-03-16T17:45:58.258978Z,2026-03-16T17:46:03.228811Z,4969.834770001398,,4969.834770001398,96,False,19.316537559652712,True,200,,
339bcacb-f252-4939-bb0b-5726ffde9364,20260316_174216,exp-vllm-public-concurrency32-stream-false,quickstart,1,8,21,Why run the same test at different concurrency levels?,vllm,Qwen/Qwen2-0.5B-Instruct,False,2026-03-16T17:45:58.309139Z,2026-03-16T17:46:03.280564Z,4971.426402998986,,4971.426402998986,96,False,19.310353250344512,True,200,,
e8853042-f073-4335-908e-12850111a2d4,20260316_174216,exp-vllm-public-concurrency32-stream-false,quickstart,1,8,22,What should a benchmark report include to be reproducible?,vllm,Qwen/Qwen2-0.5B-Instruct,False,2026-03-16T17:45:58.479454Z,2026-03-16T17:46:03.451695Z,4972.242890999041,,4972.242890999041,96,False,19.307182312791507,True,200,,
8ead92b9-5686-42f5-8e01-84365f5af7a0,20260316_174216,exp-vllm-public-concurrency32-stream-false,quickstart,1,8,23,How would you reduce slow requests in a model API?,vllm,Qwen/Qwen2-0.5B-Instruct,False,2026-03-16T17:45:59.550942Z,2026-03-16T17:46:04.538291Z,4987.351764999403,,4987.351764999403,96,False,19.24869239697824,True,200,,
489acbf6-283d-4b92-ab25-eb5b506b6328,20260316_174216,exp-vllm-public-concurrency32-stream-false,quickstart,1,8,24,"Draft a one-line status update: API had 5xx errors for 2 minutes, now fixed.",vllm,Qwen/Qwen2-0.5B-Instruct,False,2026-03-16T17:46:01.485038Z,2026-03-16T17:46:02.538803Z,1053.7663719987904,,1053.7663719987904,17,False,16.13260818691177,True,200,,
ffbc2853-b1e8-4347-977f-eb56d975c10a,20260316_174216,exp-vllm-public-concurrency32-stream-false,quickstart,1,8,25,Trade-off between throughput and latency in one sentence.,vllm,Qwen/Qwen2-0.5B-Instruct,False,2026-03-16T17:46:01.485522Z,2026-03-16T17:46:03.281333Z,1795.811402000254,,1795.811402000254,31,False,17.26239178873173,True,200,,
39dbe416-2c11-45e6-b953-43e92942a970,20260316_174216,exp-vllm-public-concurrency32-stream-false,quickstart,1,8,26,List four reasons response time matters for chat apps.,vllm,Qwen/Qwen2-0.5B-Instruct,False,2026-03-16T17:46:02.487140Z,2026-03-16T17:46:07.368724Z,4881.585029001144,,4881.585029001144,96,False,19.66574369383529,True,200,,
2218b05c-4c85-40b0-b66c-c4b30135ec65,20260316_174216,exp-vllm-public-concurrency32-stream-false,quickstart,1,8,27,Why run the same test at different concurrency levels?,vllm,Qwen/Qwen2-0.5B-Instruct,False,2026-03-16T17:46:02.487436Z,2026-03-16T17:46:07.366727Z,4879.29412000085,,4879.29412000085,96,False,19.674977084591752,True,200,,
45f9de5a-cef5-4cbb-b233-6f089b56d3e4,20260316_174216,exp-vllm-public-concurrency32-stream-false,quickstart,1,8,28,What should a benchmark report include to be reproducible?,vllm,Qwen/Qwen2-0.5B-Instruct,False,2026-03-16T17:46:02.539034Z,2026-03-16T17:46:07.417055Z,4878.022218999831,,4878.022218999831,96,False,19.68010716025058,True,200,,
e215db00-2977-432a-923e-53834e0d55e6,20260316_174216,exp-vllm-public-concurrency32-stream-false,quickstart,1,8,29,How would you reduce slow requests in a model API?,vllm,Qwen/Qwen2-0.5B-Instruct,False,2026-03-16T17:46:03.229107Z,2026-03-16T17:46:08.073420Z,4844.315685999391,,4844.315685999391,96,False,19.817040470225887,True,200,,
f24616ee-0e6c-4225-b82a-1d1bf2b6e35d,20260316_174216,exp-vllm-public-concurrency32-stream-false,quickstart,1,8,30,"Draft a one-line status update: API had 5xx errors for 2 minutes, now fixed.",vllm,Qwen/Qwen2-0.5B-Instruct,False,2026-03-16T17:46:03.281005Z,2026-03-16T17:46:04.182699Z,901.696468999944,,901.696468999944,17,False,18.853350971701605,True,200,,
9fa15385-7f11-41d6-bef1-9d9a8a66537e,20260316_174216,exp-vllm-public-concurrency32-stream-false,quickstart,1,8,31,Trade-off between throughput and latency in one sentence.,vllm,Qwen/Qwen2-0.5B-Instruct,False,2026-03-16T17:46:03.281459Z,2026-03-16T17:46:04.890846Z,1609.3893680008478,,1609.3893680008478,31,False,19.26196395749004,True,200,,
52e7c91f-a06f-43fc-8291-6215d361ee0f,20260316_174216,exp-vllm-public-concurrency32-stream-false,quickstart,1,8,32,List four reasons response time matters for chat apps.,vllm,Qwen/Qwen2-0.5B-Instruct,False,2026-03-16T17:46:03.451935Z,2026-03-16T17:46:08.276381Z,4824.44876199952,,4824.44876199952,96,False,19.898646402083926,True,200,,
4c11eab5-7bb9-4c46-91db-441feb253c0c,20260316_174216,exp-vllm-public-concurrency32-stream-false,quickstart,1,8,33,Why run the same test at different concurrency levels?,vllm,Qwen/Qwen2-0.5B-Instruct,False,2026-03-16T17:46:04.182989Z,2026-03-16T17:46:09.044796Z,4861.80972800139,,4861.80972800139,96,False,19.74573366108756,True,200,,
03c10ac8-9cb7-4af9-a1da-b619403bf672,20260316_174216,exp-vllm-public-concurrency32-stream-false,quickstart,1,8,34,What should a benchmark report include to be reproducible?,vllm,Qwen/Qwen2-0.5B-Instruct,False,2026-03-16T17:46:04.538563Z,2026-03-16T17:46:09.418957Z,4880.396127000495,,4880.396127000495,96,False,19.670534420123367,True,200,,
d2b679b9-0ad1-451d-8d7b-606f2acb2e86,20260316_174216,exp-vllm-public-concurrency32-stream-false,quickstart,1,8,35,How would you reduce slow requests in a model API?,vllm,Qwen/Qwen2-0.5B-Instruct,False,2026-03-16T17:46:04.891115Z,2026-03-16T17:46:09.787067Z,4895.954071000233,,4895.954071000233,96,False,19.60802707865015,True,200,,
83993651-2a68-4230-92b3-dcf5b17acbe9,20260316_174216,exp-vllm-public-concurrency32-stream-false,quickstart,1,8,36,"Draft a one-line status update: API had 5xx errors for 2 minutes, now fixed.",vllm,Qwen/Qwen2-0.5B-Instruct,False,2026-03-16T17:46:07.366981Z,2026-03-16T17:46:08.276687Z,909.7055490001367,,909.7055490001367,17,False,18.687365399369952,True,200,,
8e62b8b9-2104-47c6-8338-cf5db268ca9a,20260316_174216,exp-vllm-public-concurrency32-stream-false,quickstart,1,8,37,Trade-off between throughput and latency in one sentence.,vllm,Qwen/Qwen2-0.5B-Instruct,False,2026-03-16T17:46:07.368907Z,2026-03-16T17:46:09.365645Z,1996.7406800005847,,1996.7406800005847,38,False,19.031014082403967,True,200,,
e436a721-aaa6-446b-a9a1-7669839d9234,20260316_174216,exp-vllm-public-concurrency32-stream-false,quickstart,1,8,38,List four reasons response time matters for chat apps.,vllm,Qwen/Qwen2-0.5B-Instruct,False,2026-03-16T17:46:07.417232Z,2026-03-16T17:46:12.300505Z,4883.27645299978,,4883.27645299978,96,False,19.658932055961632,True,200,,
63868280-1199-4cd1-9587-d3af2c120e7b,20260316_174216,exp-vllm-public-concurrency32-stream-false,quickstart,1,8,39,Why run the same test at different concurrency levels?,vllm,Qwen/Qwen2-0.5B-Instruct,False,2026-03-16T17:46:08.073687Z,2026-03-16T17:46:12.928973Z,4855.289331999302,,4855.289331999302,96,False,19.772251133892635,True,200,,
b991fa5f-920d-4204-bf50-d4535a51731d,20260316_174216,exp-vllm-public-concurrency32-stream-false,quickstart,1,8,40,What should a benchmark report include to be reproducible?,vllm,Qwen/Qwen2-0.5B-Instruct,False,2026-03-16T17:46:08.276797Z,2026-03-16T17:46:13.117828Z,4841.03145500012,,4841.03145500012,96,False,19.830484658562835,True,200,,
d0e6794a-f976-4d7d-905e-7c44dcc25e78,20260316_174216,exp-vllm-public-concurrency32-stream-false,quickstart,1,8,41,How would you reduce slow requests in a model API?,vllm,Qwen/Qwen2-0.5B-Instruct,False,2026-03-16T17:46:08.277056Z,2026-03-16T17:46:13.117264Z,4840.210600999853,,4840.210600999853,96,False,19.833847721454323,True,200,,
15969b6e-3064-4caa-9d53-8c2019856ea0,20260316_174216,exp-vllm-public-concurrency32-stream-false,quickstart,1,8,42,"Draft a one-line status update: API had 5xx errors for 2 minutes, now fixed.",vllm,Qwen/Qwen2-0.5B-Instruct,False,2026-03-16T17:46:09.045072Z,2026-03-16T17:46:09.996879Z,951.809840000351,,951.809840000351,17,False,17.860710496535454,True,200,,
99c9f5b7-2db4-43ff-99dc-4bced23c807b,20260316_174216,exp-vllm-public-concurrency32-stream-false,quickstart,1,8,43,Trade-off between throughput and latency in one sentence.,vllm,Qwen/Qwen2-0.5B-Instruct,False,2026-03-16T17:46:09.365911Z,2026-03-16T17:46:10.846751Z,1480.841987000531,,1480.841987000531,28,False,18.90816187398525,True,200,,
7d5c4f30-a9b7-4d02-834a-a8134633adc1,20260316_174216,exp-vllm-public-concurrency32-stream-false,quickstart,1,8,44,List four reasons response time matters for chat apps.,vllm,Qwen/Qwen2-0.5B-Instruct,False,2026-03-16T17:46:09.419197Z,2026-03-16T17:46:13.975133Z,4555.938346000403,,4555.938346000403,96,False,21.071400161566523,True,200,,
4d283961-81ae-4cdd-a0fc-7d47e16ee19b,20260316_174216,exp-vllm-public-concurrency32-stream-false,quickstart,1,8,45,Why run the same test at different concurrency levels?,vllm,Qwen/Qwen2-0.5B-Instruct,False,2026-03-16T17:46:09.787358Z,2026-03-16T17:46:14.240101Z,4452.745087999574,,4452.745087999574,96,False,21.559734074767942,True,200,,
d61f518b-8502-4002-8d86-787cc8dae9bc,20260316_174216,exp-vllm-public-concurrency32-stream-false,quickstart,1,8,46,What should a benchmark report include to be reproducible?,vllm,Qwen/Qwen2-0.5B-Instruct,False,2026-03-16T17:46:09.997172Z,2026-03-16T17:46:14.388538Z,4391.368567999962,,4391.368567999962,96,False,21.861066433720676,True,200,,
ae4014b4-876d-46e0-b606-a320d2505440,20260316_174216,exp-vllm-public-concurrency32-stream-false,quickstart,1,8,47,How would you reduce slow requests in a model API?,vllm,Qwen/Qwen2-0.5B-Instruct,False,2026-03-16T17:46:10.847033Z,2026-03-16T17:46:14.990612Z,4143.58161599921,,4143.58161599921,96,False,23.168362276086107,True,200,,
14a76b81-7caf-4447-a106-ba4f39ce2432,20260316_174216,exp-vllm-public-concurrency32-stream-false,quickstart,1,16,0,Why run the same test at different concurrency levels?,vllm,Qwen/Qwen2-0.5B-Instruct,False,2026-03-16T17:46:14.991268Z,2026-03-16T17:46:21.847131Z,6855.865846999222,,6855.865846999222,96,False,14.002607714679643,True,200,,
74e49bb4-b57f-4411-a1b7-47e5f199a0e9,20260316_174216,exp-vllm-public-concurrency32-stream-false,quickstart,1,16,1,Trade-off between throughput and latency in one sentence.,vllm,Qwen/Qwen2-0.5B-Instruct,False,2026-03-16T17:46:14.991593Z,2026-03-16T17:46:17.388145Z,2396.5517779997754,,2396.5517779997754,31,False,12.935251507844912,True,200,,
0842a3ba-e410-41e7-9c2b-d7e1e47b267f,20260316_174216,exp-vllm-public-concurrency32-stream-false,quickstart,1,16,2,What should a benchmark report include to be reproducible?,vllm,Qwen/Qwen2-0.5B-Instruct,False,2026-03-16T17:46:14.991782Z,2026-03-16T17:46:21.923614Z,6931.831952000721,,6931.831952000721,96,False,13.849152816275604,True,200,,
34f98540-96da-41fc-a9a1-1f8cf9bb4a87,20260316_174216,exp-vllm-public-concurrency32-stream-false,quickstart,1,16,3,"Draft a one-line status update: API had 5xx errors for 2 minutes, now fixed.",vllm,Qwen/Qwen2-0.5B-Instruct,False,2026-03-16T17:46:14.991953Z,2026-03-16T17:46:16.397098Z,1405.1472040009685,,1405.1472040009685,17,False,12.098376562679537,True,200,,
7b3e1b7e-de60-4a80-a76f-166da06bf1d4,20260316_174216,exp-vllm-public-concurrency32-stream-false,quickstart,1,16,4,List four reasons response time matters for chat apps.,vllm,Qwen/Qwen2-0.5B-Instruct,False,2026-03-16T17:46:14.992116Z,2026-03-16T17:46:21.922967Z,6930.851181999969,,6930.851181999969,96,False,13.851112580417317,True,200,,
7ef5db7f-00ad-48db-b1be-d99777c161bf,20260316_174216,exp-vllm-public-concurrency32-stream-false,quickstart,1,16,5,How would you reduce slow requests in a model API?,vllm,Qwen/Qwen2-0.5B-Instruct,False,2026-03-16T17:46:14.992280Z,2026-03-16T17:46:21.923761Z,6931.480770999769,,6931.480770999769,96,False,13.849854478663342,True,200,,
d7821907-6178-4431-bb0f-9248084c868b,20260316_174216,exp-vllm-public-concurrency32-stream-false,quickstart,1,16,6,Why run the same test at different concurrency levels?,vllm,Qwen/Qwen2-0.5B-Instruct,False,2026-03-16T17:46:14.992436Z,2026-03-16T17:46:21.922664Z,6930.229444000361,,6930.229444000361,96,False,13.85235521792271,True,200,,
7b15de24-27e1-4d46-86ec-f18a056e97c4,20260316_174216,exp-vllm-public-concurrency32-stream-false,quickstart,1,16,7,Trade-off between throughput and latency in one sentence.,vllm,Qwen/Qwen2-0.5B-Instruct,False,2026-03-16T17:46:14.992590Z,2026-03-16T17:46:17.387550Z,2394.963431001088,,2394.963431001088,31,False,12.943830205809066,True,200,,
2bb1dd4e-5120-4d3a-9c8d-e5d694135d53,20260316_174216,exp-vllm-public-concurrency32-stream-false,quickstart,1,16,8,What should a benchmark report include to be reproducible?,vllm,Qwen/Qwen2-0.5B-Instruct,False,2026-03-16T17:46:14.992743Z,2026-03-16T17:46:21.923461Z,6930.718671001159,,6930.718671001159,96,False,13.851377405011963,True,200,,
5d7c809c-9898-4813-8fe2-f010967bc7c1,20260316_174216,exp-vllm-public-concurrency32-stream-false,quickstart,1,16,9,"Draft a one-line status update: API had 5xx errors for 2 minutes, now fixed.",vllm,Qwen/Qwen2-0.5B-Instruct,False,2026-03-16T17:46:14.992900Z,2026-03-16T17:46:16.398332Z,1405.4323050004314,,1405.4323050004314,17,False,12.095922329033685,True,200,,
c40852be-e416-4949-88e0-cf7fe727edb6,20260316_174216,exp-vllm-public-concurrency32-stream-false,quickstart,1,16,10,List four reasons response time matters for chat apps.,vllm,Qwen/Qwen2-0.5B-Instruct,False,2026-03-16T17:46:14.993057Z,2026-03-16T17:46:21.923139Z,6930.082520000724,,6930.082520000724,96,False,13.852648900346713,True,200,,
0ce127dd-b20b-4d80-ac21-286311eacbc3,20260316_174216,exp-vllm-public-concurrency32-stream-false,quickstart,1,16,11,How would you reduce slow requests in a model API?,vllm,Qwen/Qwen2-0.5B-Instruct,False,2026-03-16T17:46:14.993209Z,2026-03-16T17:46:21.924050Z,6930.841077000878,,6930.841077000878,96,False,13.851132775005317,True,200,,
1d57b07c-50d4-42af-b31f-2a85798a13e1,20260316_174216,exp-vllm-public-concurrency32-stream-false,quickstart,1,16,12,Why run the same test at different concurrency levels?,vllm,Qwen/Qwen2-0.5B-Instruct,False,2026-03-16T17:46:14.993377Z,2026-03-16T17:46:21.923322Z,6929.945331999988,,6929.945331999988,96,False,13.8529231329873,True,200,,
81611393-20cb-415d-8706-85a9be0e5a7c,20260316_174216,exp-vllm-public-concurrency32-stream-false,quickstart,1,16,13,Trade-off between throughput and latency in one sentence.,vllm,Qwen/Qwen2-0.5B-Instruct,False,2026-03-16T17:46:14.993523Z,2026-03-16T17:46:17.387995Z,2394.471422998322,,2394.471422998322,31,False,12.94648986087387,True,200,,
ad4a5855-cfae-41ad-a609-3e9dd7bc9783,20260316_174216,exp-vllm-public-concurrency32-stream-false,quickstart,1,16,14,What should a benchmark report include to be reproducible?,vllm,Qwen/Qwen2-0.5B-Instruct,False,2026-03-16T17:46:14.993666Z,2026-03-16T17:46:21.923908Z,6930.241510999622,,6930.241510999622,96,False,13.852331098076395,True,200,,
1485f700-b2a9-4428-a7e2-2d2ab4d094b6,20260316_174216,exp-vllm-public-concurrency32-stream-false,quickstart,1,16,15,"Draft a one-line status update: API had 5xx errors for 2 minutes, now fixed.",vllm,Qwen/Qwen2-0.5B-Instruct,False,2026-03-16T17:46:14.993807Z,2026-03-16T17:46:16.398146Z,1404.3387199999415,,1404.3387199999415,17,False,12.105341651479002,True,200,,
84809523-96be-4986-8ff4-532d10b00525,20260316_174216,exp-vllm-public-concurrency32-stream-false,quickstart,1,16,16,List four reasons response time matters for chat apps.,vllm,Qwen/Qwen2-0.5B-Instruct,False,2026-03-16T17:46:16.397786Z,2026-03-16T17:46:23.298605Z,6900.818883999818,,6900.818883999818,96,False,13.911392490329634,True,200,,
f21cc45e-ba81-4958-9614-64a1e416f5c9,20260316_174216,exp-vllm-public-concurrency32-stream-false,quickstart,1,16,17,How would you reduce slow requests in a model API?,vllm,Qwen/Qwen2-0.5B-Instruct,False,2026-03-16T17:46:16.398435Z,2026-03-16T17:46:23.298183Z,6899.752875000559,,6899.752875000559,96,False,13.913541794783807,True,200,,
93daea55-73f0-4a93-8487-a1f265da796e,20260316_174216,exp-vllm-public-concurrency32-stream-false,quickstart,1,16,18,Why run the same test at different concurrency levels?,vllm,Qwen/Qwen2-0.5B-Instruct,False,2026-03-16T17:46:16.398629Z,2026-03-16T17:46:23.300196Z,6901.567750999675,,6901.567750999675,96,False,13.909883009711038,True,200,,
063be21f-147b-48ed-96a5-cac17dae2a25,20260316_174216,exp-vllm-public-concurrency32-stream-false,quickstart,1,16,19,Trade-off between throughput and latency in one sentence.,vllm,Qwen/Qwen2-0.5B-Instruct,False,2026-03-16T17:46:17.388286Z,2026-03-16T17:46:19.609008Z,2220.7250249994104,,2220.7250249994104,31,False,13.959404992073807,True,200,,
b9c51500-f203-4e7c-a943-fcd6a9c71907,20260316_174216,exp-vllm-public-concurrency32-stream-false,quickstart,1,16,20,What should a benchmark report include to be reproducible?,vllm,Qwen/Qwen2-0.5B-Instruct,False,2026-03-16T17:46:17.388659Z,2026-03-16T17:46:24.272171Z,6883.515154000634,,6883.515154000634,96,False,13.94636284692505,True,200,,
daa4bd92-0bcd-43d1-a208-c85c21abc824,20260316_174216,exp-vllm-public-concurrency32-stream-false,quickstart,1,16,21,"Draft a one-line status update: API had 5xx errors for 2 minutes, now fixed.",vllm,Qwen/Qwen2-0.5B-Instruct,False,2026-03-16T17:46:17.388830Z,2026-03-16T17:46:18.587097Z,1198.270617000162,,1198.270617000162,16,False,13.352576432238292,True,200,,
e6bef388-ff00-4fbc-b201-3fc57d328dd7,20260316_174216,exp-vllm-public-concurrency32-stream-false,quickstart,1,16,22,List four reasons response time matters for chat apps.,vllm,Qwen/Qwen2-0.5B-Instruct,False,2026-03-16T17:46:18.587475Z,2026-03-16T17:46:25.468165Z,6880.691803000445,,6880.691803000445,96,False,13.952085451369516,True,200,,
3c21d7dd-1bdb-48a3-9d12-a56e3955e15b,20260316_174216,exp-vllm-public-concurrency32-stream-false,quickstart,1,16,23,How would you reduce slow requests in a model API?,vllm,Qwen/Qwen2-0.5B-Instruct,False,2026-03-16T17:46:19.609364Z,2026-03-16T17:46:26.528241Z,6918.878667000172,,6918.878667000172,96,False,13.875080720503927,True,200,,
c3699cef-25c2-4511-8a07-86a53fe47957,20260316_174216,exp-vllm-public-concurrency32-stream-false,quickstart,1,16,24,Why run the same test at different concurrency levels?,vllm,Qwen/Qwen2-0.5B-Instruct,False,2026-03-16T17:46:21.847525Z,2026-03-16T17:46:28.806483Z,6958.9609960003145,,6958.9609960003145,96,False,13.795162820308422,True,200,,
90bc2ee8-58c7-4353-aeb5-1cb38ea865f1,20260316_174216,exp-vllm-public-concurrency32-stream-false,quickstart,1,16,25,Trade-off between throughput and latency in one sentence.,vllm,Qwen/Qwen2-0.5B-Instruct,False,2026-03-16T17:46:21.924132Z,2026-03-16T17:46:24.273512Z,2349.379285999021,,2349.379285999021,31,False,13.194974598074719,True,200,,
0313cb26-b001-4c44-ace9-f65b3d405c1c,20260316_174216,exp-vllm-public-concurrency32-stream-false,quickstart,1,16,26,What should a benchmark report include to be reproducible?,vllm,Qwen/Qwen2-0.5B-Instruct,False,2026-03-16T17:46:21.924476Z,2026-03-16T17:46:28.881257Z,6956.780316999357,,6956.780316999357,96,False,13.799487065218603,True,200,,
a324ef87-6cc0-4038-b6a8-1b5dc92f3edb,20260316_174216,exp-vllm-public-concurrency32-stream-false,quickstart,1,16,27,"Draft a one-line status update: API had 5xx errors for 2 minutes, now fixed.",vllm,Qwen/Qwen2-0.5B-Instruct,False,2026-03-16T17:46:21.924668Z,2026-03-16T17:46:23.300043Z,1375.3750519990717,,1375.3750519990717,17,False,12.360264914861546,True,200,,
b2a5037e-cd69-4b88-ab21-cc7af31cceed,20260316_174216,exp-vllm-public-concurrency32-stream-false,quickstart,1,16,28,List four reasons response time matters for chat apps.,vllm,Qwen/Qwen2-0.5B-Instruct,False,2026-03-16T17:46:21.924847Z,2026-03-16T17:46:28.881418Z,6956.57135699912,,6956.57135699912,96,False,13.799901571255045,True,200,,
100c5228-9ad7-4710-b0fb-1b9a712eaa56,20260316_174216,exp-vllm-public-concurrency32-stream-false,quickstart,1,16,29,How would you reduce slow requests in a model API?,vllm,Qwen/Qwen2-0.5B-Instruct,False,2026-03-16T17:46:21.925043Z,2026-03-16T17:46:28.880762Z,6955.722849999802,,6955.722849999802,96,False,13.8015849783323,True,200,,
ec4b9249-7bcb-45fd-923c-c6bdf97e852f,20260316_174216,exp-vllm-public-concurrency32-stream-false,quickstart,1,16,30,Why run the same test at different concurrency levels?,vllm,Qwen/Qwen2-0.5B-Instruct,False,2026-03-16T17:46:21.925208Z,2026-03-16T17:46:28.881089Z,6955.881660000159,,6955.881660000159,96,False,13.801269873817521,True,200,,
d18be69a-f419-4190-b3e5-b1d3cce27fba,20260316_174216,exp-vllm-public-concurrency32-stream-false,quickstart,1,16,31,Trade-off between throughput and latency in one sentence.,vllm,Qwen/Qwen2-0.5B-Instruct,False,2026-03-16T17:46:21.925378Z,2026-03-16T17:46:24.273343Z,2347.9652690002695,,2347.9652690002695,31,False,13.20292101816283,True,200,,
b9d948a5-3fb8-423e-a8f3-2a7362bc125b,20260316_174216,exp-vllm-public-concurrency32-stream-false,quickstart,1,16,32,What should a benchmark report include to be reproducible?,vllm,Qwen/Qwen2-0.5B-Instruct,False,2026-03-16T17:46:21.925536Z,2026-03-16T17:46:28.881550Z,6956.01398799954,,6956.01398799954,96,False,13.80100732482977,True,200,,
f9f7f4fb-cc29-4e6a-8aa2-31d513125f2a,20260316_174216,exp-vllm-public-concurrency32-stream-false,quickstart,1,16,33,"Draft a one-line status update: API had 5xx errors for 2 minutes, now fixed.",vllm,Qwen/Qwen2-0.5B-Instruct,False,2026-03-16T17:46:21.925693Z,2026-03-16T17:46:23.299866Z,1374.1732429989497,,1374.1732429989497,17,False,12.371074816520055,True,200,,
1bee4f51-42e6-46f6-addf-d99ff94cff0c,20260316_174216,exp-vllm-public-concurrency32-stream-false,quickstart,1,16,34,List four reasons response time matters for chat apps.,vllm,Qwen/Qwen2-0.5B-Instruct,False,2026-03-16T17:46:23.299276Z,2026-03-16T17:46:29.842578Z,6543.305146999046,,6543.305146999046,96,False,14.671484493433484,True,200,,
5a0a72c6-b4ba-47aa-92c2-af242f053ccb,20260316_174216,exp-vllm-public-concurrency32-stream-false,quickstart,1,16,35,How would you reduce slow requests in a model API?,vllm,Qwen/Qwen2-0.5B-Instruct,False,2026-03-16T17:46:23.299628Z,2026-03-16T17:46:29.842901Z,6543.272852999507,,6543.272852999507,96,False,14.671556903819555,True,200,,
3a4d3d83-9845-4639-919a-b5a58199d006,20260316_174216,exp-vllm-public-concurrency32-stream-false,quickstart,1,16,36,Why run the same test at different concurrency levels?,vllm,Qwen/Qwen2-0.5B-Instruct,False,2026-03-16T17:46:23.300310Z,2026-03-16T17:46:29.843076Z,6542.76690900042,,6542.76690900042,96,False,14.67269143700345,True,200,,
f5a9cb91-34d2-4b4d-b2b9-2f775144c356,20260316_174216,exp-vllm-public-concurrency32-stream-false,quickstart,1,16,37,Trade-off between throughput and latency in one sentence.,vllm,Qwen/Qwen2-0.5B-Instruct,False,2026-03-16T17:46:23.300544Z,2026-03-16T17:46:25.397860Z,2097.3200049993466,,2097.3200049993466,29,False,13.827169879118678,True,200,,
3ed07318-ada4-492b-b4de-9adb4c968d10,20260316_174216,exp-vllm-public-concurrency32-stream-false,quickstart,1,16,38,What should a benchmark report include to be reproducible?,vllm,Qwen/Qwen2-0.5B-Instruct,False,2026-03-16T17:46:23.300719Z,2026-03-16T17:46:29.843231Z,6542.512190999332,,6542.512190999332,96,False,14.673262685252489,True,200,,
0f29b0c6-2dd1-4b19-b62c-7eafced0f26b,20260316_174216,exp-vllm-public-concurrency32-stream-false,quickstart,1,16,39,"Draft a one-line status update: API had 5xx errors for 2 minutes, now fixed.",vllm,Qwen/Qwen2-0.5B-Instruct,False,2026-03-16T17:46:24.272947Z,2026-03-16T17:46:25.548551Z,1275.6059749990527,,1275.6059749990527,17,False,13.326999350259882,True,200,,
ad1deff8-bea1-4ca5-bc6b-52cdec72ec7f,20260316_174216,exp-vllm-public-concurrency32-stream-false,quickstart,1,16,40,List four reasons response time matters for chat apps.,vllm,Qwen/Qwen2-0.5B-Instruct,False,2026-03-16T17:46:24.273608Z,2026-03-16T17:46:30.506381Z,6232.773861000169,,6232.773861000169,96,False,15.402451964556748,True,200,,
b0bb0e2e-c626-4b10-972a-c530f7f07746,20260316_174216,exp-vllm-public-concurrency32-stream-false,quickstart,1,16,41,How would you reduce slow requests in a model API?,vllm,Qwen/Qwen2-0.5B-Instruct,False,2026-03-16T17:46:24.273804Z,2026-03-16T17:46:30.505990Z,6232.187995999993,,6232.187995999993,96,False,15.403899892239403,True,200,,
ae0d6a6c-44bf-46dc-8b94-4051b545373d,20260316_174216,exp-vllm-public-concurrency32-stream-false,quickstart,1,16,42,Why run the same test at different concurrency levels?,vllm,Qwen/Qwen2-0.5B-Instruct,False,2026-03-16T17:46:25.398241Z,2026-03-16T17:46:31.144362Z,5746.122799999284,,5746.122799999284,96,False,16.70691757579771,True,200,,
b6b0b5dc-d335-4664-9fa9-eb010c175641,20260316_174216,exp-vllm-public-concurrency32-stream-false,quickstart,1,16,43,Trade-off between throughput and latency in one sentence.,vllm,Qwen/Qwen2-0.5B-Instruct,False,2026-03-16T17:46:25.468427Z,2026-03-16T17:46:27.732758Z,2264.333015000375,,2264.333015000375,31,False,13.690565740390827,True,200,,
9295effe-0c0e-452c-86e3-4e35b5b7af0c,20260316_174216,exp-vllm-public-concurrency32-stream-false,quickstart,1,16,44,What should a benchmark report include to be reproducible?,vllm,Qwen/Qwen2-0.5B-Instruct,False,2026-03-16T17:46:25.548792Z,2026-03-16T17:46:31.224983Z,5676.19352300062,,5676.19352300062,96,False,16.912742599595386,True,200,,
eb2b9273-6fd2-491c-97f3-7a2c48c2c044,20260316_174216,exp-vllm-public-concurrency32-stream-false,quickstart,1,16,45,"Draft a one-line status update: API had 5xx errors for 2 minutes, now fixed.",vllm,Qwen/Qwen2-0.5B-Instruct,False,2026-03-16T17:46:26.528604Z,2026-03-16T17:46:27.803418Z,1274.8158120011794,,1274.8158120011794,17,False,13.33525976063456,True,200,,
b95b90af-b9b1-4f67-b421-d19b9f1f586d,20260316_174216,exp-vllm-public-concurrency32-stream-false,quickstart,1,16,46,List four reasons response time matters for chat apps.,vllm,Qwen/Qwen2-0.5B-Instruct,False,2026-03-16T17:46:27.733119Z,2026-03-16T17:46:32.434882Z,4701.765365000028,,4701.765365000028,96,False,20.41786277014685,True,200,,
9eafdc5f-e7bd-46ec-a9a5-35d3e8f08f26,20260316_174216,exp-vllm-public-concurrency32-stream-false,quickstart,1,16,47,How would you reduce slow requests in a model API?,vllm,Qwen/Qwen2-0.5B-Instruct,False,2026-03-16T17:46:27.803681Z,2026-03-16T17:46:32.473776Z,4670.0963500006765,,4670.0963500006765,96,False,20.556321070332114,True,200,,
f8cac145-5553-4a16-91e4-ed0a4d7e5307,20260316_174216,exp-vllm-public-concurrency32-stream-false,quickstart,1,32,0,Trade-off between throughput and latency in one sentence.,vllm,Qwen/Qwen2-0.5B-Instruct,False,2026-03-16T17:46:32.474289Z,2026-03-16T17:46:35.903975Z,3429.6893419996195,,3429.6893419996195,29,False,8.455576324324484,True,200,,
3111080e-1f69-4859-9d4f-6eec8a94679e,20260316_174216,exp-vllm-public-concurrency32-stream-false,quickstart,1,32,1,List four reasons response time matters for chat apps.,vllm,Qwen/Qwen2-0.5B-Instruct,False,2026-03-16T17:46:32.474696Z,2026-03-16T17:46:42.900476Z,10425.783636001142,,10425.783636001142,96,False,9.207940942540146,True,200,,
0298ac64-3948-4850-bff2-bf52fc9fe44a,20260316_174216,exp-vllm-public-concurrency32-stream-false,quickstart,1,32,2,How would you reduce slow requests in a model API?,vllm,Qwen/Qwen2-0.5B-Instruct,False,2026-03-16T17:46:32.474930Z,2026-03-16T17:46:43.014328Z,10539.397660999384,,10539.397660999384,96,False,9.108679934835758,True,200,,
fc1ba14e-5029-41b4-a552-3a26af36ae09,20260316_174216,exp-vllm-public-concurrency32-stream-false,quickstart,1,32,3,Why run the same test at different concurrency levels?,vllm,Qwen/Qwen2-0.5B-Instruct,False,2026-03-16T17:46:32.475158Z,2026-03-16T17:46:43.013613Z,10538.454375000583,,10538.454375000583,96,False,9.109495243223908,True,200,,
c6c6843a-0a83-4e9d-8ac1-508043f08786,20260316_174216,exp-vllm-public-concurrency32-stream-false,quickstart,1,32,4,What should a benchmark report include to be reproducible?,vllm,Qwen/Qwen2-0.5B-Instruct,False,2026-03-16T17:46:32.475408Z,2026-03-16T17:46:43.012565Z,10537.16139900098,,10537.16139900098,96,False,9.110613035603848,True,200,,
97b460c0-7e81-4cc3-a21f-052c4e941353,20260316_174216,exp-vllm-public-concurrency32-stream-false,quickstart,1,32,5,"Draft a one-line status update: API had 5xx errors for 2 minutes, now fixed.",vllm,Qwen/Qwen2-0.5B-Instruct,False,2026-03-16T17:46:32.475624Z,2026-03-16T17:46:34.735956Z,2260.331720999602,,2260.331720999602,16,False,7.078607025399002,True,200,,
9497fea4-b863-4b35-bfab-44dc4d9277a4,20260316_174216,exp-vllm-public-concurrency32-stream-false,quickstart,1,32,6,Trade-off between throughput and latency in one sentence.,vllm,Qwen/Qwen2-0.5B-Instruct,False,2026-03-16T17:46:32.475848Z,2026-03-16T17:46:36.230163Z,3754.3150479996257,,3754.3150479996257,31,False,8.257165316085398,True,200,,
b4e58721-d389-4e79-a6f6-5112e6cbb8b7,20260316_174216,exp-vllm-public-concurrency32-stream-false,quickstart,1,32,7,List four reasons response time matters for chat apps.,vllm,Qwen/Qwen2-0.5B-Instruct,False,2026-03-16T17:46:32.476075Z,2026-03-16T17:46:43.014097Z,10538.02158399958,,10538.02158399958,96,False,9.109869365399833,True,200,,
775cac93-585b-4be9-a77b-a08fc0d9b9f2,20260316_174216,exp-vllm-public-concurrency32-stream-false,quickstart,1,32,8,How would you reduce slow requests in a model API?,vllm,Qwen/Qwen2-0.5B-Instruct,False,2026-03-16T17:46:32.476306Z,2026-03-16T17:46:43.119080Z,10642.773884001144,,10642.773884001144,96,False,9.02020479306743,True,200,,
55db4ffd-4172-490e-b156-fff2443bef5c,20260316_174216,exp-vllm-public-concurrency32-stream-false,quickstart,1,32,9,Why run the same test at different concurrency levels?,vllm,Qwen/Qwen2-0.5B-Instruct,False,2026-03-16T17:46:32.476525Z,2026-03-16T17:46:43.119618Z,10643.093381999279,,10643.093381999279,96,False,9.019934013015925,True,200,,
e9c1de9b-64af-412c-acda-11e05f63b1a1,20260316_174216,exp-vllm-public-concurrency32-stream-false,quickstart,1,32,10,What should a benchmark report include to be reproducible?,vllm,Qwen/Qwen2-0.5B-Instruct,False,2026-03-16T17:46:32.476729Z,2026-03-16T17:46:43.014241Z,10537.51176500009,,10537.51176500009,96,False,9.110310113138857,True,200,,
cc637bb2-f849-496e-b684-d64270e66bfc,20260316_174216,exp-vllm-public-concurrency32-stream-false,quickstart,1,32,11,"Draft a one-line status update: API had 5xx errors for 2 minutes, now fixed.",vllm,Qwen/Qwen2-0.5B-Instruct,False,2026-03-16T17:46:32.476935Z,2026-03-16T17:46:34.734788Z,2257.8550600010203,,2257.8550600010203,16,False,7.08637161146773,True,200,,
bd44cbae-0d35-4f20-b8f5-5a4316cb4715,20260316_174216,exp-vllm-public-concurrency32-stream-false,quickstart,1,32,12,Trade-off between throughput and latency in one sentence.,vllm,Qwen/Qwen2-0.5B-Instruct,False,2026-03-16T17:46:32.477147Z,2026-03-16T17:46:35.489740Z,3012.598266999703,,3012.598266999703,24,False,7.966545112535699,True,200,,
b61f6c52-0c22-4af0-9c7d-fc516e1ac5fd,20260316_174216,exp-vllm-public-concurrency32-stream-false,quickstart,1,32,13,List four reasons response time matters for chat apps.,vllm,Qwen/Qwen2-0.5B-Instruct,False,2026-03-16T17:46:32.477808Z,2026-03-16T17:46:43.014171Z,10536.362419001307,,10536.362419001307,96,False,9.1113038999943,True,200,,
273fda51-f89b-4966-bb05-75312e92d3b9,20260316_174216,exp-vllm-public-concurrency32-stream-false,quickstart,1,32,14,How would you reduce slow requests in a model API?,vllm,Qwen/Qwen2-0.5B-Instruct,False,2026-03-16T17:46:32.478075Z,2026-03-16T17:46:43.118661Z,10640.586216999509,,10640.586216999509,96,False,9.022059315362664,True,200,,
21c5c00e-d6ea-41f1-850d-f393c01466d2,20260316_174216,exp-vllm-public-concurrency32-stream-false,quickstart,1,32,15,Why run the same test at different concurrency levels?,vllm,Qwen/Qwen2-0.5B-Instruct,False,2026-03-16T17:46:32.478320Z,2026-03-16T17:46:43.119211Z,10640.89098400109,,10640.89098400109,96,False,9.021800913507994,True,200,,
dc1e9aa8-b686-426b-89fb-b6a2bc41da1e,20260316_174216,exp-vllm-public-concurrency32-stream-false,quickstart,1,32,16,What should a benchmark report include to be reproducible?,vllm,Qwen/Qwen2-0.5B-Instruct,False,2026-03-16T17:46:32.478541Z,2026-03-16T17:46:43.013478Z,10534.937554999487,,10534.937554999487,96,False,9.112536215693275,True,200,,
77a34194-b039-4cc7-98e1-a989d601368b,20260316_174216,exp-vllm-public-concurrency32-stream-false,quickstart,1,32,17,"Draft a one-line status update: API had 5xx errors for 2 minutes, now fixed.",vllm,Qwen/Qwen2-0.5B-Instruct,False,2026-03-16T17:46:32.478742Z,2026-03-16T17:46:34.735702Z,2256.9603769989044,,2256.9603769989044,17,False,7.532254519507789,True,200,,
f76d7ba7-d9c4-4949-a79c-3fba8fda1c11,20260316_174216,exp-vllm-public-concurrency32-stream-false,quickstart,1,32,18,Trade-off between throughput and latency in one sentence.,vllm,Qwen/Qwen2-0.5B-Instruct,False,2026-03-16T17:46:32.478940Z,2026-03-16T17:46:36.230347Z,3751.407529000062,,3751.407529000062,31,False,8.263565011360697,True,200,,
0f006c8a-6ef7-4f87-b691-7cb3cde3371f,20260316_174216,exp-vllm-public-concurrency32-stream-false,quickstart,1,32,19,List four reasons response time matters for chat apps.,vllm,Qwen/Qwen2-0.5B-Instruct,False,2026-03-16T17:46:32.479148Z,2026-03-16T17:46:43.013722Z,10534.573984999952,,10534.573984999952,96,False,9.112850708219735,True,200,,
ea046689-2900-4c8d-b808-ff0f22e10249,20260316_174216,exp-vllm-public-concurrency32-stream-false,quickstart,1,32,20,How would you reduce slow requests in a model API?,vllm,Qwen/Qwen2-0.5B-Instruct,False,2026-03-16T17:46:32.479375Z,2026-03-16T17:46:43.118329Z,10638.956417998997,,10638.956417998997,96,False,9.023441419271828,True,200,,
8de606c6-b9a5-4adc-9d47-91923d50f8a5,20260316_174216,exp-vllm-public-concurrency32-stream-false,quickstart,1,32,21,Why run the same test at different concurrency levels?,vllm,Qwen/Qwen2-0.5B-Instruct,False,2026-03-16T17:46:32.479580Z,2026-03-16T17:46:43.013847Z,10534.267331000592,,10534.267331000592,96,False,9.113115984581862,True,200,,
db048a9d-85be-45b7-a85a-f1956a85676c,20260316_174216,exp-vllm-public-concurrency32-stream-false,quickstart,1,32,22,What should a benchmark report include to be reproducible?,vllm,Qwen/Qwen2-0.5B-Instruct,False,2026-03-16T17:46:32.479779Z,2026-03-16T17:46:43.118930Z,10639.151297000353,,10639.151297000353,96,False,9.023276135481469,True,200,,
de94d072-75f4-400d-8eb4-a4eb8a56a6bf,20260316_174216,exp-vllm-public-concurrency32-stream-false,quickstart,1,32,23,"Draft a one-line status update: API had 5xx errors for 2 minutes, now fixed.",vllm,Qwen/Qwen2-0.5B-Instruct,False,2026-03-16T17:46:32.479972Z,2026-03-16T17:46:34.736049Z,2256.0778280003433,,2256.0778280003433,17,False,7.535201041830997,True,200,,
73eeb9c6-7b5e-43c0-a0fd-6f0581c050e3,20260316_174216,exp-vllm-public-concurrency32-stream-false,quickstart,1,32,24,Trade-off between throughput and latency in one sentence.,vllm,Qwen/Qwen2-0.5B-Instruct,False,2026-03-16T17:46:32.480164Z,2026-03-16T17:46:36.229178Z,3749.017765001554,,3749.017765001554,31,False,8.26883251645172,True,200,,
96252112-b8c9-470b-a932-778cdc604bc4,20260316_174216,exp-vllm-public-concurrency32-stream-false,quickstart,1,32,25,List four reasons response time matters for chat apps.,vllm,Qwen/Qwen2-0.5B-Instruct,False,2026-03-16T17:46:32.480390Z,2026-03-16T17:46:43.119351Z,10638.96120499885,,10638.96120499885,96,False,9.023437359174991,True,200,,
f62329af-5fa0-4f32-a9d2-10a2a77cf56f,20260316_174216,exp-vllm-public-concurrency32-stream-false,quickstart,1,32,26,How would you reduce slow requests in a model API?,vllm,Qwen/Qwen2-0.5B-Instruct,False,2026-03-16T17:46:32.480605Z,2026-03-16T17:46:43.118799Z,10638.194766999732,,10638.194766999732,96,False,9.024087460571534,True,200,,
04c3fbf1-f8b6-4655-b7ef-7d18766ab345,20260316_174216,exp-vllm-public-concurrency32-stream-false,quickstart,1,32,27,Why run the same test at different concurrency levels?,vllm,Qwen/Qwen2-0.5B-Instruct,False,2026-03-16T17:46:32.480818Z,2026-03-16T17:46:43.013929Z,10533.111638000264,,10533.111638000264,96,False,9.114115875660255,True,200,,
3657ed61-e7ee-46b6-a698-3fc0e8adea57,20260316_174216,exp-vllm-public-concurrency32-stream-false,quickstart,1,32,28,What should a benchmark report include to be reproducible?,vllm,Qwen/Qwen2-0.5B-Instruct,False,2026-03-16T17:46:32.481078Z,2026-03-16T17:46:43.119481Z,10638.403345999905,,10638.403345999905,96,False,9.023910532222535,True,200,,
a4f66f23-d089-4d86-89fd-76279c6516b1,20260316_174216,exp-vllm-public-concurrency32-stream-false,quickstart,1,32,29,"Draft a one-line status update: API had 5xx errors for 2 minutes, now fixed.",vllm,Qwen/Qwen2-0.5B-Instruct,False,2026-03-16T17:46:32.481283Z,2026-03-16T17:46:34.735853Z,2254.5705970005656,,2254.5705970005656,16,False,7.096695051947396,True,200,,
66163ae5-75eb-4965-8474-a5fab4a8c05e,20260316_174216,exp-vllm-public-concurrency32-stream-false,quickstart,1,32,30,Trade-off between throughput and latency in one sentence.,vllm,Qwen/Qwen2-0.5B-Instruct,False,2026-03-16T17:46:32.481479Z,2026-03-16T17:46:36.230453Z,3748.9745629991376,,3748.9745629991376,31,False,8.268927803874014,True,200,,
29d77009-0897-40c9-a31e-1a88a5ce0652,20260316_174216,exp-vllm-public-concurrency32-stream-false,quickstart,1,32,31,List four reasons response time matters for chat apps.,vllm,Qwen/Qwen2-0.5B-Instruct,False,2026-03-16T17:46:32.481675Z,2026-03-16T17:46:43.014009Z,10532.334695000827,,10532.334695000827,96,False,9.114788200337614,True,200,,
9983acb3-1ef5-4378-9e1d-cb764314ecea,20260316_174216,exp-vllm-public-concurrency32-stream-false,quickstart,1,32,32,How would you reduce slow requests in a model API?,vllm,Qwen/Qwen2-0.5B-Instruct,False,2026-03-16T17:46:34.735346Z,2026-03-16T17:46:44.097454Z,9362.107315000685,,9362.107315000685,96,False,10.254101642926209,True,200,,
723c890f-8454-40b4-a284-2a22bd6793c0,20260316_174216,exp-vllm-public-concurrency32-stream-false,quickstart,1,32,33,Why run the same test at different concurrency levels?,vllm,Qwen/Qwen2-0.5B-Instruct,False,2026-03-16T17:46:34.736223Z,2026-03-16T17:46:44.097234Z,9361.01192500064,,9361.01192500064,96,False,10.255301538887148,True,200,,
f1983e23-fe4a-4c67-a1c7-4670d743f72d,20260316_174216,exp-vllm-public-concurrency32-stream-false,quickstart,1,32,34,What should a benchmark report include to be reproducible?,vllm,Qwen/Qwen2-0.5B-Instruct,False,2026-03-16T17:46:34.736458Z,2026-03-16T17:46:44.096438Z,9359.982276000665,,9359.982276000665,96,False,10.256429677879572,True,200,,
b971758a-b50c-45cb-822f-c4374a355661,20260316_174216,exp-vllm-public-concurrency32-stream-false,quickstart,1,32,35,"Draft a one-line status update: API had 5xx errors for 2 minutes, now fixed.",vllm,Qwen/Qwen2-0.5B-Instruct,False,2026-03-16T17:46:34.736622Z,2026-03-16T17:46:36.666178Z,1929.5586240004923,,1929.5586240004923,17,False,8.810305003718645,True,200,,
29397cb1-e1f2-4b6d-896f-b2a893d81401,20260316_174216,exp-vllm-public-concurrency32-stream-false,quickstart,1,32,36,Trade-off between throughput and latency in one sentence.,vllm,Qwen/Qwen2-0.5B-Instruct,False,2026-03-16T17:46:34.736777Z,2026-03-16T17:46:38.115715Z,3378.93781800085,,3378.93781800085,31,False,9.174480759856412,True,200,,
26b7da50-c919-4dc7-bba9-e7b7d19a167f,20260316_174216,exp-vllm-public-concurrency32-stream-false,quickstart,1,32,37,List four reasons response time matters for chat apps.,vllm,Qwen/Qwen2-0.5B-Instruct,False,2026-03-16T17:46:35.490145Z,2026-03-16T17:46:44.408668Z,8918.525040000532,,8918.525040000532,96,False,10.764111730295067,True,200,,
75a70086-a6f1-46a0-b251-f6cd10297238,20260316_174216,exp-vllm-public-concurrency32-stream-false,quickstart,1,32,38,How would you reduce slow requests in a model API?,vllm,Qwen/Qwen2-0.5B-Instruct,False,2026-03-16T17:46:35.904345Z,2026-03-16T17:46:44.579840Z,8675.496781999755,,8675.496781999755,96,False,11.065648736010644,True,200,,
5e5e5314-c2d5-4aee-93c9-05e78f169990,20260316_174216,exp-vllm-public-concurrency32-stream-false,quickstart,1,32,39,Why run the same test at different concurrency levels?,vllm,Qwen/Qwen2-0.5B-Instruct,False,2026-03-16T17:46:36.229744Z,2026-03-16T17:46:44.708552Z,8478.808985000796,,8478.808985000796,96,False,11.322344938991568,True,200,,
1fbfcfd6-c4f5-46eb-858d-6e3ce0769bb9,20260316_174216,exp-vllm-public-concurrency32-stream-false,quickstart,1,32,40,What should a benchmark report include to be reproducible?,vllm,Qwen/Qwen2-0.5B-Instruct,False,2026-03-16T17:46:36.230660Z,2026-03-16T17:46:44.707934Z,8477.275109000402,,8477.275109000402,96,False,11.324393601202809,True,200,,
d5c9123b-f446-4bcf-87cd-8e0bca6ae892,20260316_174216,exp-vllm-public-concurrency32-stream-false,quickstart,1,32,41,"Draft a one-line status update: API had 5xx errors for 2 minutes, now fixed.",vllm,Qwen/Qwen2-0.5B-Instruct,False,2026-03-16T17:46:36.230884Z,2026-03-16T17:46:38.114796Z,1883.9155829991796,,1883.9155829991796,17,False,9.023758895255872,True,200,,
d712cdfb-be58-4f26-ae26-e7d45a60b335,20260316_174216,exp-vllm-public-concurrency32-stream-false,quickstart,1,32,42,Trade-off between throughput and latency in one sentence.,vllm,Qwen/Qwen2-0.5B-Instruct,False,2026-03-16T17:46:36.231046Z,2026-03-16T17:46:39.561441Z,3330.399636999573,,3330.399636999573,31,False,9.308192222819407,True,200,,
8ccdc1b3-8ee7-4c3b-85f6-46566a8d7be5,20260316_174216,exp-vllm-public-concurrency32-stream-false,quickstart,1,32,43,List four reasons response time matters for chat apps.,vllm,Qwen/Qwen2-0.5B-Instruct,False,2026-03-16T17:46:36.666543Z,2026-03-16T17:46:44.871487Z,8204.945332001444,,8204.945332001444,96,False,11.700260771461178,True,200,,
cba75881-227b-4353-91d9-736b972ef379,20260316_174216,exp-vllm-public-concurrency32-stream-false,quickstart,1,32,44,How would you reduce slow requests in a model API?,vllm,Qwen/Qwen2-0.5B-Instruct,False,2026-03-16T17:46:38.115289Z,2026-03-16T17:46:45.409241Z,7293.95119900073,,7293.95119900073,96,False,13.161590663391328,True,200,,
bacdde24-fa57-4ed3-ae40-14d0f918e73e,20260316_174216,exp-vllm-public-concurrency32-stream-false,quickstart,1,32,45,Why run the same test at different concurrency levels?,vllm,Qwen/Qwen2-0.5B-Instruct,False,2026-03-16T17:46:38.116008Z,2026-03-16T17:46:45.408637Z,7292.630289999579,,7292.630289999579,96,False,13.163974613061804,True,200,,
d3360b9b-ad06-4e9a-b9c1-3299d0fa42b8,20260316_174216,exp-vllm-public-concurrency32-stream-false,quickstart,1,32,46,What should a benchmark report include to be reproducible?,vllm,Qwen/Qwen2-0.5B-Instruct,False,2026-03-16T17:46:39.561856Z,2026-03-16T17:46:45.917062Z,6355.207610999059,,6355.207610999059,96,False,15.105722090628678,True,200,,
49c52469-0074-40dd-b66e-bd0a29eb23fe,20260316_174216,exp-vllm-public-concurrency32-stream-false,quickstart,1,32,47,"Draft a one-line status update: API had 5xx errors for 2 minutes, now fixed.",vllm,Qwen/Qwen2-0.5B-Instruct,False,2026-03-16T17:46:42.900947Z,2026-03-16T17:46:44.038955Z,1138.017008001043,,1138.017008001043,17,False,14.938265316316274,True,200,,
